-- MySQL dump 10.13  Distrib 8.0.31, for Win64 (x86_64)
--
-- Host: 127.0.0.1    Database: webapp_database
-- ------------------------------------------------------
-- Server version	8.0.32

/*!40101 SET @OLD_CHARACTER_SET_CLIENT=@@CHARACTER_SET_CLIENT */;
/*!40101 SET @OLD_CHARACTER_SET_RESULTS=@@CHARACTER_SET_RESULTS */;
/*!40101 SET @OLD_COLLATION_CONNECTION=@@COLLATION_CONNECTION */;
/*!50503 SET NAMES utf8 */;
/*!40103 SET @OLD_TIME_ZONE=@@TIME_ZONE */;
/*!40103 SET TIME_ZONE='+00:00' */;
/*!40014 SET @OLD_UNIQUE_CHECKS=@@UNIQUE_CHECKS, UNIQUE_CHECKS=0 */;
/*!40014 SET @OLD_FOREIGN_KEY_CHECKS=@@FOREIGN_KEY_CHECKS, FOREIGN_KEY_CHECKS=0 */;
/*!40101 SET @OLD_SQL_MODE=@@SQL_MODE, SQL_MODE='NO_AUTO_VALUE_ON_ZERO' */;
/*!40111 SET @OLD_SQL_NOTES=@@SQL_NOTES, SQL_NOTES=0 */;

--
-- Table structure for table `allowances`
--

DROP TABLE IF EXISTS `allowances`;
/*!40101 SET @saved_cs_client     = @@character_set_client */;
/*!50503 SET character_set_client = utf8mb4 */;
CREATE TABLE `allowances` (
  `allowanceID` int NOT NULL AUTO_INCREMENT,
  `memberID` int NOT NULL,
  `yearlevel` enum('1st Year','2nd Year','3rd Year','4th Year') COLLATE utf8mb4_general_ci NOT NULL,
  `semester` enum('1st Sem','2nd Sem') COLLATE utf8mb4_general_ci NOT NULL,
  `month` enum('1st Month','2nd Month','3rd Month','4th Month','5th Month') COLLATE utf8mb4_general_ci NOT NULL,
  `date_received` date NOT NULL,
  `updated_at` timestamp NULL DEFAULT NULL,
  `created_at` timestamp NULL DEFAULT NULL,
  PRIMARY KEY (`allowanceID`),
  KEY `test2` (`memberID`),
  CONSTRAINT `allfkmem` FOREIGN KEY (`memberID`) REFERENCES `members` (`memberID`) ON DELETE CASCADE ON UPDATE CASCADE
) ENGINE=InnoDB AUTO_INCREMENT=616 DEFAULT CHARSET=utf8mb4 COLLATE=utf8mb4_general_ci;
/*!40101 SET character_set_client = @saved_cs_client */;

--
-- Dumping data for table `allowances`
--

LOCK TABLES `allowances` WRITE;
/*!40000 ALTER TABLE `allowances` DISABLE KEYS */;
INSERT INTO `allowances` VALUES (1,1,'1st Year','1st Sem','1st Month','2022-08-01','2023-05-05 11:28:00','2023-01-26 04:04:02'),(2,2,'1st Year','1st Sem','1st Month','2022-08-01','2022-12-06 15:48:37','2023-02-06 15:51:48'),(3,3,'1st Year','1st Sem','1st Month','2022-08-01','2023-01-20 11:54:52','2022-11-02 19:18:38'),(4,4,'1st Year','1st Sem','1st Month','2022-08-01','2022-10-10 11:24:03','2022-10-08 18:42:59'),(5,5,'1st Year','1st Sem','1st Month','2022-08-01','2022-12-03 14:23:18','2023-03-04 09:37:23'),(6,6,'1st Year','1st Sem','1st Month','2022-08-01','2023-01-03 17:19:05','2022-09-25 03:09:10'),(7,7,'1st Year','1st Sem','1st Month','2022-08-01','2022-11-21 06:02:58','2022-10-29 18:07:40'),(8,8,'1st Year','1st Sem','1st Month','2022-08-01','2022-11-20 13:03:06','2022-10-06 23:54:28'),(9,9,'1st Year','1st Sem','1st Month','2022-08-01','2022-09-17 05:20:04','2022-12-16 16:18:46'),(10,10,'1st Year','1st Sem','1st Month','2022-08-01','2022-09-17 02:55:19','2022-09-26 19:32:25'),(11,11,'1st Year','1st Sem','1st Month','2022-08-01','2023-05-10 08:23:31','2023-01-30 08:30:28'),(12,12,'1st Year','1st Sem','1st Month','2022-08-01','2023-03-31 03:14:40','2023-03-06 23:52:24'),(13,13,'1st Year','1st Sem','1st Month','2022-08-01','2023-01-26 19:39:17','2022-10-15 13:42:42'),(14,14,'1st Year','1st Sem','1st Month','2022-08-01','2023-02-23 12:36:56','2022-09-06 09:15:05'),(15,15,'1st Year','1st Sem','1st Month','2022-08-01','2023-04-15 19:16:07','2023-02-08 12:39:10'),(16,16,'1st Year','1st Sem','1st Month','2022-08-01','2022-09-19 06:15:34','2022-10-29 22:53:06'),(17,17,'1st Year','1st Sem','1st Month','2022-08-01','2022-09-16 22:58:33','2023-02-25 01:31:37'),(18,18,'1st Year','1st Sem','1st Month','2022-08-01','2023-05-12 03:56:23','2022-09-29 08:35:05'),(19,19,'1st Year','1st Sem','1st Month','2022-08-01','2022-11-22 02:20:29','2023-04-07 01:54:59'),(20,20,'1st Year','1st Sem','1st Month','2022-08-01','2022-12-14 02:15:50','2022-10-12 17:21:44'),(21,21,'1st Year','1st Sem','1st Month','2022-08-01','2023-02-23 07:15:35','2023-02-02 21:59:52'),(22,22,'1st Year','1st Sem','1st Month','2022-08-01','2022-12-01 18:00:44','2023-04-04 22:37:48'),(23,23,'1st Year','1st Sem','1st Month','2022-08-01','2023-04-20 10:22:04','2022-11-20 09:02:43'),(24,24,'1st Year','1st Sem','1st Month','2022-08-01','2023-03-31 02:17:11','2023-04-16 22:40:23'),(25,25,'1st Year','1st Sem','1st Month','2022-08-01','2023-03-25 16:46:47','2022-11-09 03:28:58'),(26,26,'1st Year','1st Sem','1st Month','2022-08-01','2023-03-03 02:40:02','2022-09-20 08:41:58'),(27,27,'1st Year','1st Sem','1st Month','2022-08-01','2023-02-20 07:09:17','2022-10-11 22:26:06'),(28,28,'1st Year','1st Sem','1st Month','2022-08-01','2023-02-28 03:57:52','2023-05-20 19:56:43'),(29,29,'1st Year','1st Sem','1st Month','2022-08-01','2023-02-20 20:53:22','2023-02-24 11:13:11'),(30,30,'1st Year','1st Sem','1st Month','2022-08-01','2022-12-15 00:00:22','2023-02-24 22:21:51'),(31,31,'1st Year','1st Sem','1st Month','2022-08-01','2023-05-07 15:17:03','2023-04-29 23:33:37'),(32,32,'1st Year','1st Sem','1st Month','2022-08-01','2023-04-08 06:01:57','2022-09-10 01:38:05'),(33,33,'1st Year','1st Sem','1st Month','2022-08-01','2023-05-12 20:14:58','2023-01-08 19:45:28'),(34,34,'1st Year','1st Sem','1st Month','2022-08-01','2023-03-18 04:10:35','2023-03-29 07:08:09'),(35,35,'1st Year','1st Sem','1st Month','2022-08-01','2023-01-17 04:24:05','2023-05-11 07:40:40'),(36,36,'1st Year','1st Sem','1st Month','2022-08-01','2022-10-04 10:00:58','2023-04-11 19:41:40'),(37,37,'1st Year','1st Sem','1st Month','2022-08-01','2023-05-17 17:47:19','2023-03-08 19:26:19'),(38,38,'1st Year','1st Sem','1st Month','2022-08-01','2023-02-06 22:14:29','2023-02-24 06:51:24'),(39,39,'1st Year','1st Sem','1st Month','2022-08-01','2023-01-23 16:54:31','2022-10-28 06:35:54'),(40,40,'1st Year','1st Sem','1st Month','2022-08-01','2022-10-27 11:27:27','2023-05-20 04:47:38'),(41,41,'1st Year','1st Sem','1st Month','2022-08-01','2022-12-21 00:03:54','2023-05-25 20:51:49'),(42,1,'1st Year','1st Sem','2nd Month','2022-09-01','2023-04-30 06:49:52','2022-10-18 06:52:34'),(43,2,'1st Year','1st Sem','2nd Month','2022-09-01','2022-09-25 09:15:15','2023-04-09 16:45:38'),(44,3,'1st Year','1st Sem','2nd Month','2022-09-01','2023-04-11 06:34:40','2022-12-15 03:34:31'),(45,4,'1st Year','1st Sem','2nd Month','2022-09-01','2022-10-26 22:15:38','2023-05-16 16:57:40'),(46,5,'1st Year','1st Sem','2nd Month','2022-09-01','2023-04-23 08:01:36','2023-03-15 21:26:59'),(47,6,'1st Year','1st Sem','2nd Month','2022-09-01','2023-06-03 09:21:50','2022-12-15 08:11:22'),(48,7,'1st Year','1st Sem','2nd Month','2022-09-01','2022-10-19 13:02:10','2023-02-09 09:21:46'),(49,8,'1st Year','1st Sem','2nd Month','2022-09-01','2022-10-30 11:53:18','2023-02-27 14:46:17'),(50,9,'1st Year','1st Sem','2nd Month','2022-09-01','2023-02-04 05:11:38','2023-05-30 09:33:00'),(51,10,'1st Year','1st Sem','2nd Month','2022-09-01','2023-02-25 08:57:19','2023-01-31 20:28:29'),(52,11,'1st Year','1st Sem','2nd Month','2022-09-01','2023-02-10 13:31:10','2023-03-07 19:55:39'),(53,12,'1st Year','1st Sem','2nd Month','2022-09-01','2023-03-24 18:33:13','2022-09-07 00:16:39'),(54,13,'1st Year','1st Sem','2nd Month','2022-09-01','2023-01-16 13:55:20','2022-12-01 13:44:20'),(55,14,'1st Year','1st Sem','2nd Month','2022-09-01','2023-01-21 21:18:04','2023-04-24 00:41:32'),(56,15,'1st Year','1st Sem','2nd Month','2022-09-01','2022-11-28 03:09:48','2023-03-07 15:59:30'),(57,16,'1st Year','1st Sem','2nd Month','2022-09-01','2023-01-08 09:31:22','2022-11-27 06:40:58'),(58,17,'1st Year','1st Sem','2nd Month','2022-09-01','2022-12-04 19:40:21','2023-04-18 02:12:54'),(59,18,'1st Year','1st Sem','2nd Month','2022-09-01','2023-04-14 14:11:04','2023-02-07 09:41:02'),(60,19,'1st Year','1st Sem','2nd Month','2022-09-01','2022-09-17 10:45:18','2022-11-19 03:10:28'),(61,20,'1st Year','1st Sem','2nd Month','2022-09-01','2022-11-06 07:00:25','2022-10-16 21:48:48'),(62,21,'1st Year','1st Sem','2nd Month','2022-09-01','2022-11-12 09:16:01','2022-10-12 06:12:30'),(63,22,'1st Year','1st Sem','2nd Month','2022-09-01','2023-02-06 19:02:49','2023-03-07 09:43:31'),(64,23,'1st Year','1st Sem','2nd Month','2022-09-01','2022-12-10 07:48:48','2022-11-09 19:44:26'),(65,24,'1st Year','1st Sem','2nd Month','2022-09-01','2023-03-31 02:25:48','2022-10-31 10:47:05'),(66,25,'1st Year','1st Sem','2nd Month','2022-09-01','2022-09-03 15:24:37','2023-04-03 05:53:45'),(67,26,'1st Year','1st Sem','2nd Month','2022-09-01','2023-05-21 02:29:52','2022-09-06 22:36:17'),(68,27,'1st Year','1st Sem','2nd Month','2022-09-01','2022-10-06 13:58:10','2022-10-04 02:40:55'),(69,28,'1st Year','1st Sem','2nd Month','2022-09-01','2022-12-31 08:02:56','2022-11-07 18:36:03'),(70,29,'1st Year','1st Sem','2nd Month','2022-09-01','2023-03-03 00:52:14','2023-04-02 03:41:54'),(71,30,'1st Year','1st Sem','2nd Month','2022-09-01','2022-12-08 07:21:18','2023-02-21 23:54:44'),(72,31,'1st Year','1st Sem','2nd Month','2022-09-01','2022-09-29 15:25:34','2023-05-27 13:15:11'),(73,32,'1st Year','1st Sem','2nd Month','2022-09-01','2023-05-12 06:33:40','2022-09-08 18:01:53'),(74,33,'1st Year','1st Sem','2nd Month','2022-09-01','2023-05-03 18:33:10','2023-05-06 22:09:09'),(75,34,'1st Year','1st Sem','2nd Month','2022-09-01','2023-01-26 07:32:39','2023-03-27 16:13:43'),(76,35,'1st Year','1st Sem','2nd Month','2022-09-01','2023-03-01 23:50:59','2023-05-20 16:42:07'),(77,36,'1st Year','1st Sem','2nd Month','2022-09-01','2022-11-30 19:58:15','2022-09-18 09:28:09'),(78,37,'1st Year','1st Sem','2nd Month','2022-09-01','2023-05-10 06:58:53','2023-05-07 04:41:44'),(79,38,'1st Year','1st Sem','2nd Month','2022-09-01','2022-09-05 09:03:57','2023-02-09 09:10:04'),(80,39,'1st Year','1st Sem','2nd Month','2022-09-01','2023-01-23 05:12:49','2022-10-12 17:48:26'),(81,40,'1st Year','1st Sem','2nd Month','2022-09-01','2023-03-30 01:17:46','2023-06-01 04:47:30'),(82,41,'1st Year','1st Sem','2nd Month','2022-09-01','2023-05-21 06:49:53','2022-09-18 20:36:29'),(83,1,'1st Year','2nd Sem','3rd Month','2022-10-01','2023-02-08 03:10:30','2023-05-08 21:57:42'),(84,2,'1st Year','2nd Sem','3rd Month','2022-10-01','2023-04-10 03:19:55','2023-05-29 06:55:18'),(85,3,'1st Year','2nd Sem','3rd Month','2022-10-01','2022-12-24 18:56:07','2022-12-06 16:38:59'),(86,4,'1st Year','2nd Sem','3rd Month','2022-10-01','2023-03-31 00:21:45','2023-03-22 06:43:35'),(87,5,'1st Year','2nd Sem','3rd Month','2022-10-01','2023-04-14 23:50:13','2022-12-06 02:58:48'),(88,6,'1st Year','2nd Sem','3rd Month','2022-10-01','2022-12-18 07:19:08','2022-10-23 05:36:21'),(89,7,'1st Year','2nd Sem','3rd Month','2022-10-01','2023-02-18 23:42:54','2022-12-30 00:59:16'),(90,8,'1st Year','2nd Sem','3rd Month','2022-10-01','2023-05-30 03:41:16','2022-12-28 19:56:46'),(91,9,'1st Year','2nd Sem','3rd Month','2022-10-01','2022-12-26 20:03:41','2023-01-17 00:11:35'),(92,10,'1st Year','2nd Sem','3rd Month','2022-10-01','2023-01-10 03:48:00','2023-01-08 22:44:20'),(93,11,'1st Year','2nd Sem','3rd Month','2022-10-01','2023-04-05 17:57:22','2022-12-14 18:49:35'),(94,12,'1st Year','2nd Sem','3rd Month','2022-10-01','2022-10-10 12:41:11','2023-03-18 10:43:13'),(95,13,'1st Year','2nd Sem','3rd Month','2022-10-01','2023-01-01 06:32:35','2023-03-24 07:23:37'),(96,14,'1st Year','2nd Sem','3rd Month','2022-10-01','2022-09-29 19:54:41','2023-04-23 06:47:52'),(97,15,'1st Year','2nd Sem','3rd Month','2022-10-01','2022-12-29 07:14:51','2023-02-10 11:22:50'),(98,16,'1st Year','2nd Sem','3rd Month','2022-10-01','2022-11-27 21:47:37','2023-03-09 17:03:29'),(99,17,'1st Year','2nd Sem','3rd Month','2022-10-01','2023-05-15 20:14:45','2023-04-03 04:12:21'),(100,18,'1st Year','2nd Sem','3rd Month','2022-10-01','2022-09-06 05:20:36','2023-01-10 00:25:27'),(101,19,'1st Year','2nd Sem','3rd Month','2022-10-01','2023-02-05 17:23:53','2022-10-26 08:16:12'),(102,20,'1st Year','2nd Sem','3rd Month','2022-10-01','2023-03-18 14:14:18','2022-11-22 16:07:37'),(103,21,'1st Year','2nd Sem','3rd Month','2022-10-01','2022-10-30 03:36:47','2023-02-28 11:10:06'),(104,22,'1st Year','2nd Sem','3rd Month','2022-10-01','2023-02-18 12:07:37','2023-01-14 06:43:49'),(105,23,'1st Year','2nd Sem','3rd Month','2022-10-01','2022-10-18 02:48:18','2022-11-29 08:34:23'),(106,24,'1st Year','2nd Sem','3rd Month','2022-10-01','2023-05-29 07:20:06','2022-09-11 11:47:46'),(107,25,'1st Year','2nd Sem','3rd Month','2022-10-01','2022-09-15 17:59:22','2023-03-07 04:15:17'),(108,26,'1st Year','2nd Sem','3rd Month','2022-10-01','2022-12-24 15:19:42','2023-01-19 11:58:14'),(109,27,'1st Year','2nd Sem','3rd Month','2022-10-01','2023-04-25 11:11:34','2023-02-03 04:36:50'),(110,28,'1st Year','2nd Sem','3rd Month','2022-10-01','2023-01-04 18:27:25','2023-03-27 00:28:00'),(111,29,'1st Year','2nd Sem','3rd Month','2022-10-01','2023-02-17 05:17:34','2022-12-19 18:34:05'),(112,30,'1st Year','2nd Sem','3rd Month','2022-10-01','2022-10-29 13:36:22','2022-10-09 11:27:00'),(113,31,'1st Year','2nd Sem','3rd Month','2022-10-01','2022-10-09 13:48:05','2023-05-10 03:55:00'),(114,32,'1st Year','2nd Sem','3rd Month','2022-10-01','2023-01-09 04:20:03','2023-02-26 23:56:36'),(115,33,'1st Year','2nd Sem','3rd Month','2022-10-01','2023-01-21 02:02:28','2023-03-02 18:26:02'),(116,34,'1st Year','2nd Sem','3rd Month','2022-10-01','2022-09-19 19:40:56','2022-12-14 07:15:10'),(117,35,'1st Year','2nd Sem','3rd Month','2022-10-01','2023-02-25 22:48:04','2023-03-21 05:44:11'),(118,36,'1st Year','2nd Sem','3rd Month','2022-10-01','2022-11-28 13:19:23','2023-05-30 02:41:35'),(119,37,'1st Year','2nd Sem','3rd Month','2022-10-01','2023-05-09 15:54:46','2022-10-07 20:10:36'),(120,38,'1st Year','2nd Sem','3rd Month','2022-10-01','2022-12-07 08:32:52','2023-05-31 06:58:41'),(121,39,'1st Year','2nd Sem','3rd Month','2022-10-01','2023-01-20 02:43:27','2023-02-17 11:29:55'),(122,40,'1st Year','2nd Sem','3rd Month','2022-10-01','2022-11-26 11:51:33','2022-12-28 16:38:47'),(123,41,'1st Year','2nd Sem','3rd Month','2022-10-01','2023-05-30 01:23:32','2023-02-06 07:29:26'),(124,1,'1st Year','2nd Sem','4th Month','2022-11-01','2022-12-28 17:42:40','2023-04-17 09:46:43'),(125,2,'1st Year','2nd Sem','4th Month','2022-11-01','2023-05-25 09:35:25','2023-04-29 06:48:43'),(126,3,'1st Year','2nd Sem','4th Month','2022-11-01','2022-12-28 09:31:40','2023-02-16 08:00:45'),(127,4,'1st Year','2nd Sem','4th Month','2022-11-01','2023-01-11 04:10:55','2022-12-28 16:29:42'),(128,5,'1st Year','2nd Sem','4th Month','2022-11-01','2023-01-19 15:09:31','2022-12-19 23:32:41'),(129,6,'1st Year','2nd Sem','4th Month','2022-11-01','2022-12-13 19:15:57','2022-10-21 18:08:45'),(130,7,'1st Year','2nd Sem','4th Month','2022-11-01','2023-05-27 16:22:13','2022-12-19 04:22:04'),(131,8,'1st Year','2nd Sem','4th Month','2022-11-01','2023-01-11 08:45:03','2022-11-13 14:36:01'),(132,9,'1st Year','2nd Sem','4th Month','2022-11-01','2022-09-05 18:48:34','2023-01-29 16:52:40'),(133,10,'1st Year','2nd Sem','4th Month','2022-11-01','2022-09-11 15:37:04','2023-01-02 04:10:39'),(134,11,'1st Year','2nd Sem','4th Month','2022-11-01','2022-12-15 07:12:36','2022-11-09 18:37:37'),(135,12,'1st Year','2nd Sem','4th Month','2022-11-01','2023-01-13 22:11:29','2023-01-19 05:49:50'),(136,13,'1st Year','2nd Sem','4th Month','2022-11-01','2023-01-12 19:01:45','2023-01-03 04:41:05'),(137,14,'1st Year','2nd Sem','4th Month','2022-11-01','2022-11-04 22:23:54','2022-11-03 23:46:26'),(138,15,'1st Year','2nd Sem','4th Month','2022-11-01','2023-01-11 11:09:15','2022-11-29 23:01:47'),(139,16,'1st Year','2nd Sem','4th Month','2022-11-01','2023-01-22 02:03:06','2023-05-02 22:09:33'),(140,17,'1st Year','2nd Sem','4th Month','2022-11-01','2023-04-16 08:07:52','2023-04-04 16:24:50'),(141,18,'1st Year','2nd Sem','4th Month','2022-11-01','2022-11-16 10:58:43','2022-09-08 06:31:50'),(142,19,'1st Year','2nd Sem','4th Month','2022-11-01','2023-01-19 08:09:30','2022-12-16 22:07:02'),(143,20,'1st Year','2nd Sem','4th Month','2022-11-01','2023-02-08 19:46:13','2022-12-21 20:33:57'),(144,21,'1st Year','2nd Sem','4th Month','2022-11-01','2023-06-01 11:46:27','2022-11-08 11:34:42'),(145,22,'1st Year','2nd Sem','4th Month','2022-11-01','2022-09-15 14:39:46','2023-05-29 14:20:24'),(146,23,'1st Year','2nd Sem','4th Month','2022-11-01','2023-05-29 13:50:42','2022-10-24 12:31:18'),(147,24,'1st Year','2nd Sem','4th Month','2022-11-01','2023-03-31 09:13:29','2023-04-08 21:44:47'),(148,25,'1st Year','2nd Sem','4th Month','2022-11-01','2022-09-04 16:40:16','2023-01-23 13:02:48'),(149,26,'1st Year','2nd Sem','4th Month','2022-11-01','2022-11-07 15:26:02','2022-11-23 10:52:58'),(150,27,'1st Year','2nd Sem','4th Month','2022-11-01','2023-02-05 23:08:45','2022-10-12 01:53:25'),(151,28,'1st Year','2nd Sem','4th Month','2022-11-01','2023-04-06 04:49:01','2023-01-25 12:19:55'),(152,29,'1st Year','2nd Sem','4th Month','2022-11-01','2023-02-25 15:00:22','2023-03-03 17:29:39'),(153,30,'1st Year','2nd Sem','4th Month','2022-11-01','2023-01-10 06:11:16','2022-12-23 07:15:06'),(154,31,'1st Year','2nd Sem','4th Month','2022-11-01','2022-11-21 14:54:42','2022-10-14 19:21:54'),(155,32,'1st Year','2nd Sem','4th Month','2022-11-01','2022-11-14 00:12:33','2023-01-24 19:15:20'),(156,33,'1st Year','2nd Sem','4th Month','2022-11-01','2022-12-15 16:19:52','2022-10-17 00:27:45'),(157,34,'1st Year','2nd Sem','4th Month','2022-11-01','2023-01-03 07:32:27','2023-04-30 07:21:02'),(158,35,'1st Year','2nd Sem','4th Month','2022-11-01','2022-11-25 07:41:02','2023-05-27 14:26:25'),(159,36,'1st Year','2nd Sem','4th Month','2022-11-01','2023-01-09 04:45:09','2023-03-11 15:41:09'),(160,37,'1st Year','2nd Sem','4th Month','2022-11-01','2023-03-20 08:03:35','2023-05-31 15:09:20'),(161,38,'1st Year','2nd Sem','4th Month','2022-11-01','2023-06-02 05:34:40','2023-04-17 07:30:39'),(162,39,'1st Year','2nd Sem','4th Month','2022-11-01','2023-01-23 08:08:24','2022-11-30 13:23:12'),(163,40,'1st Year','2nd Sem','4th Month','2022-11-01','2023-03-27 03:54:06','2022-10-19 10:06:09'),(164,41,'1st Year','2nd Sem','4th Month','2022-11-01','2023-02-21 14:23:26','2023-05-07 07:37:25'),(165,1,'1st Year','2nd Sem','5th Month','2022-12-01','2023-01-17 22:10:18','2023-03-14 08:00:47'),(166,2,'1st Year','2nd Sem','5th Month','2022-12-01','2023-02-25 20:57:44','2023-02-16 17:04:43'),(167,3,'1st Year','2nd Sem','5th Month','2022-12-01','2022-10-19 17:14:53','2023-05-21 16:58:57'),(168,4,'1st Year','2nd Sem','5th Month','2022-12-01','2022-11-15 00:34:39','2023-05-18 19:19:02'),(169,5,'1st Year','2nd Sem','5th Month','2022-12-01','2023-01-08 19:05:43','2023-03-25 21:56:55'),(170,6,'1st Year','2nd Sem','5th Month','2022-12-01','2023-03-14 19:17:24','2022-10-16 20:36:58'),(171,7,'1st Year','2nd Sem','5th Month','2022-12-01','2023-03-02 03:36:10','2022-12-20 11:21:37'),(172,8,'1st Year','2nd Sem','5th Month','2022-12-01','2023-02-28 04:59:01','2022-10-15 16:22:37'),(173,9,'1st Year','2nd Sem','5th Month','2022-12-01','2023-04-30 22:44:42','2022-11-26 11:10:27'),(174,10,'1st Year','2nd Sem','5th Month','2022-12-01','2022-09-12 09:39:39','2023-04-17 05:01:51'),(175,11,'1st Year','2nd Sem','5th Month','2022-12-01','2023-04-16 17:40:42','2023-01-30 20:00:16'),(176,12,'1st Year','2nd Sem','5th Month','2022-12-01','2023-02-09 07:10:59','2023-05-08 10:41:20'),(177,13,'1st Year','2nd Sem','5th Month','2022-12-01','2022-10-02 05:16:49','2023-03-31 02:09:45'),(178,14,'1st Year','2nd Sem','5th Month','2022-12-01','2022-10-31 10:50:40','2022-10-08 09:40:10'),(179,15,'1st Year','2nd Sem','5th Month','2022-12-01','2023-05-22 14:28:49','2023-04-13 16:20:35'),(180,16,'1st Year','2nd Sem','5th Month','2022-12-01','2023-04-27 13:50:10','2023-01-23 23:13:54'),(181,17,'1st Year','2nd Sem','5th Month','2022-12-01','2022-11-20 17:25:01','2023-05-24 08:13:01'),(182,18,'1st Year','2nd Sem','5th Month','2022-12-01','2022-11-11 12:43:27','2022-10-09 02:45:55'),(183,19,'1st Year','2nd Sem','5th Month','2022-12-01','2022-10-21 16:33:24','2023-02-28 04:28:01'),(184,20,'1st Year','2nd Sem','5th Month','2022-12-01','2023-02-19 18:05:58','2023-04-16 08:19:30'),(185,21,'1st Year','2nd Sem','5th Month','2022-12-01','2023-01-20 14:19:52','2022-10-13 07:04:53'),(186,22,'1st Year','2nd Sem','5th Month','2022-12-01','2022-09-22 18:16:15','2023-04-07 02:33:34'),(187,23,'1st Year','2nd Sem','5th Month','2022-12-01','2023-02-17 18:26:07','2022-11-21 16:00:48'),(188,24,'1st Year','2nd Sem','5th Month','2022-12-01','2023-01-12 07:43:10','2022-12-26 15:32:15'),(189,25,'1st Year','2nd Sem','5th Month','2022-12-01','2023-03-08 01:58:55','2022-11-15 08:33:06'),(190,26,'1st Year','2nd Sem','5th Month','2022-12-01','2022-09-21 11:20:45','2023-04-06 08:32:56'),(191,27,'1st Year','2nd Sem','5th Month','2022-12-01','2022-10-07 07:22:38','2022-11-03 04:32:37'),(192,28,'1st Year','2nd Sem','5th Month','2022-12-01','2022-11-11 19:18:41','2022-12-09 14:48:42'),(193,29,'1st Year','2nd Sem','5th Month','2022-12-01','2022-09-29 07:42:46','2023-02-12 03:23:36'),(194,30,'1st Year','2nd Sem','5th Month','2022-12-01','2023-02-14 16:51:49','2023-01-24 15:13:54'),(195,31,'1st Year','2nd Sem','5th Month','2022-12-01','2022-12-04 22:09:36','2022-10-08 14:43:26'),(196,32,'1st Year','2nd Sem','5th Month','2022-12-01','2023-04-24 21:18:18','2023-04-19 05:11:41'),(197,33,'1st Year','2nd Sem','5th Month','2022-12-01','2023-03-24 22:05:22','2022-09-29 05:27:34'),(198,34,'1st Year','2nd Sem','5th Month','2022-12-01','2023-01-10 23:39:55','2022-12-02 09:46:45'),(199,35,'1st Year','2nd Sem','5th Month','2022-12-01','2022-12-26 04:45:14','2023-01-22 02:22:56'),(200,36,'1st Year','2nd Sem','5th Month','2022-12-01','2023-05-19 13:57:00','2022-10-15 08:58:00'),(201,37,'1st Year','2nd Sem','5th Month','2022-12-01','2023-02-08 03:25:23','2022-12-02 02:34:32'),(202,38,'1st Year','2nd Sem','5th Month','2022-12-01','2023-05-14 15:26:32','2023-05-23 03:53:51'),(203,39,'1st Year','2nd Sem','5th Month','2022-12-01','2023-01-29 15:03:53','2023-04-04 03:39:15'),(204,40,'1st Year','2nd Sem','5th Month','2022-12-01','2023-04-26 08:15:43','2023-03-06 13:06:32'),(205,41,'1st Year','2nd Sem','5th Month','2022-12-01','2023-04-25 14:38:40','2022-12-31 18:18:16'),(206,1,'2nd Year','1st Sem','1st Month','2023-01-01','2022-09-05 16:00:55','2023-03-04 03:36:02'),(207,2,'2nd Year','1st Sem','1st Month','2023-01-01','2023-05-22 21:36:41','2023-01-17 18:32:11'),(208,3,'2nd Year','1st Sem','1st Month','2023-01-01','2023-03-21 15:14:25','2022-10-01 01:45:43'),(209,4,'2nd Year','1st Sem','1st Month','2023-01-01','2023-05-20 23:55:12','2023-04-07 22:35:47'),(210,5,'2nd Year','1st Sem','1st Month','2023-01-01','2023-05-02 03:19:15','2022-10-01 21:52:07'),(211,6,'2nd Year','1st Sem','1st Month','2023-01-01','2023-03-17 05:22:37','2023-03-20 09:25:34'),(212,7,'2nd Year','1st Sem','1st Month','2023-01-01','2023-05-15 01:27:19','2023-01-18 08:32:24'),(213,8,'2nd Year','1st Sem','1st Month','2023-01-01','2022-12-26 16:20:38','2022-12-24 23:34:01'),(214,9,'2nd Year','1st Sem','1st Month','2023-01-01','2022-11-02 06:42:49','2023-01-05 08:49:59'),(215,10,'2nd Year','1st Sem','1st Month','2023-01-01','2022-12-08 20:49:42','2022-10-20 10:16:16'),(216,11,'2nd Year','1st Sem','1st Month','2023-01-01','2023-01-27 04:30:33','2022-11-26 16:48:22'),(217,12,'2nd Year','1st Sem','1st Month','2023-01-01','2023-02-07 22:47:13','2022-12-09 19:13:41'),(218,13,'2nd Year','1st Sem','1st Month','2023-01-01','2022-12-10 02:37:05','2022-11-13 11:44:26'),(219,14,'2nd Year','1st Sem','1st Month','2023-01-01','2023-01-22 17:12:02','2023-03-09 14:26:50'),(220,15,'2nd Year','1st Sem','1st Month','2023-01-01','2023-01-03 00:59:04','2022-11-18 10:12:53'),(221,16,'2nd Year','1st Sem','1st Month','2023-01-01','2023-05-31 10:03:53','2023-03-27 04:40:21'),(222,17,'2nd Year','1st Sem','1st Month','2023-01-01','2023-05-08 05:31:10','2023-06-02 21:13:17'),(223,18,'2nd Year','1st Sem','1st Month','2023-01-01','2023-05-05 03:00:38','2022-09-11 01:30:27'),(224,19,'2nd Year','1st Sem','1st Month','2023-01-01','2023-05-24 17:31:03','2022-12-24 10:40:36'),(225,20,'2nd Year','1st Sem','1st Month','2023-01-01','2022-09-04 03:57:26','2022-10-08 15:32:47'),(226,21,'2nd Year','1st Sem','1st Month','2023-01-01','2023-01-14 03:59:48','2022-10-01 02:38:18'),(227,22,'2nd Year','1st Sem','1st Month','2023-01-01','2022-10-11 08:04:50','2023-05-23 18:38:41'),(228,23,'2nd Year','1st Sem','1st Month','2023-01-01','2022-12-30 08:17:14','2022-12-19 05:18:41'),(229,24,'2nd Year','1st Sem','1st Month','2023-01-01','2022-09-24 10:05:35','2022-09-16 17:46:54'),(230,25,'2nd Year','1st Sem','1st Month','2023-01-01','2023-04-25 04:08:21','2022-12-14 11:39:53'),(231,26,'2nd Year','1st Sem','1st Month','2023-01-01','2023-05-21 17:50:20','2023-01-09 15:59:41'),(232,27,'2nd Year','1st Sem','1st Month','2023-01-01','2023-02-05 15:57:50','2023-04-09 17:46:34'),(233,28,'2nd Year','1st Sem','1st Month','2023-01-01','2022-10-10 13:33:14','2022-11-23 17:18:14'),(234,29,'2nd Year','1st Sem','1st Month','2023-01-01','2023-03-02 13:47:25','2023-03-09 22:02:36'),(235,30,'2nd Year','1st Sem','1st Month','2023-01-01','2023-05-30 20:08:00','2022-12-22 04:00:29'),(236,31,'2nd Year','1st Sem','1st Month','2023-01-01','2023-03-23 23:59:25','2023-03-23 11:27:04'),(237,32,'2nd Year','1st Sem','1st Month','2023-01-01','2022-10-01 07:34:47','2022-12-06 10:42:33'),(238,33,'2nd Year','1st Sem','1st Month','2023-01-01','2022-12-28 12:08:34','2023-02-28 01:34:42'),(239,34,'2nd Year','1st Sem','1st Month','2023-01-01','2023-04-20 23:17:26','2023-02-28 12:10:11'),(240,35,'2nd Year','1st Sem','1st Month','2023-01-01','2023-05-02 13:03:06','2023-04-27 15:50:32'),(241,36,'2nd Year','1st Sem','1st Month','2023-01-01','2023-04-10 07:26:59','2023-03-04 07:38:43'),(242,37,'2nd Year','1st Sem','1st Month','2023-01-01','2023-01-16 06:24:58','2023-03-16 21:19:05'),(243,38,'2nd Year','1st Sem','1st Month','2023-01-01','2022-10-30 10:07:29','2023-05-02 12:38:54'),(244,39,'2nd Year','1st Sem','1st Month','2023-01-01','2022-10-18 11:54:16','2023-02-28 15:10:43'),(245,40,'2nd Year','1st Sem','1st Month','2023-01-01','2023-03-08 00:20:31','2023-02-07 16:58:01'),(246,41,'2nd Year','1st Sem','1st Month','2023-01-01','2022-12-23 04:09:07','2023-02-06 16:03:34'),(247,1,'2nd Year','1st Sem','2nd Month','2023-02-01','2023-02-20 11:55:25','2023-03-28 20:55:20'),(248,2,'2nd Year','1st Sem','2nd Month','2023-02-01','2023-03-28 12:50:19','2022-12-19 07:33:11'),(249,3,'2nd Year','1st Sem','2nd Month','2023-02-01','2023-04-29 15:45:00','2022-10-12 16:23:34'),(250,4,'2nd Year','1st Sem','2nd Month','2023-02-01','2022-09-30 06:51:11','2023-02-27 21:23:40'),(251,5,'2nd Year','1st Sem','2nd Month','2023-02-01','2023-05-31 12:52:21','2022-12-17 10:51:17'),(252,6,'2nd Year','1st Sem','2nd Month','2023-02-01','2022-11-20 16:05:54','2022-10-03 23:05:28'),(253,7,'2nd Year','1st Sem','2nd Month','2023-02-01','2022-12-10 03:15:39','2023-01-15 03:18:37'),(254,8,'2nd Year','1st Sem','2nd Month','2023-02-01','2023-04-03 03:03:42','2023-05-30 17:30:27'),(255,9,'2nd Year','1st Sem','2nd Month','2023-02-01','2023-01-27 13:48:22','2023-05-19 12:29:28'),(256,10,'2nd Year','1st Sem','2nd Month','2023-02-01','2023-04-06 02:10:03','2022-10-09 08:18:17'),(257,11,'2nd Year','1st Sem','2nd Month','2023-02-01','2022-12-28 05:05:33','2022-12-07 13:33:32'),(258,12,'2nd Year','1st Sem','2nd Month','2023-02-01','2022-12-22 01:55:58','2022-09-05 19:22:26'),(259,13,'2nd Year','1st Sem','2nd Month','2023-02-01','2023-01-03 20:00:58','2023-02-10 17:51:08'),(260,14,'2nd Year','1st Sem','2nd Month','2023-02-01','2023-03-29 04:40:00','2022-10-23 09:13:40'),(261,15,'2nd Year','1st Sem','2nd Month','2023-02-01','2022-09-11 09:21:32','2023-05-11 16:56:56'),(262,16,'2nd Year','1st Sem','2nd Month','2023-02-01','2022-11-16 13:28:25','2022-12-20 14:02:03'),(263,17,'2nd Year','1st Sem','2nd Month','2023-02-01','2022-10-10 08:06:34','2023-05-20 09:59:07'),(264,18,'2nd Year','1st Sem','2nd Month','2023-02-01','2023-05-04 16:00:51','2023-01-19 12:32:14'),(265,19,'2nd Year','1st Sem','2nd Month','2023-02-01','2023-04-20 13:09:28','2022-10-24 03:38:31'),(266,20,'2nd Year','1st Sem','2nd Month','2023-02-01','2023-02-08 12:28:55','2023-05-05 11:28:13'),(267,21,'2nd Year','1st Sem','2nd Month','2023-02-01','2023-05-27 11:55:38','2022-11-12 11:46:22'),(268,22,'2nd Year','1st Sem','2nd Month','2023-02-01','2023-05-17 05:11:35','2023-04-01 15:24:04'),(269,23,'2nd Year','1st Sem','2nd Month','2023-02-01','2023-03-28 07:40:26','2023-05-04 01:40:32'),(270,24,'2nd Year','1st Sem','2nd Month','2023-02-01','2022-10-08 03:37:34','2022-10-04 16:50:50'),(271,25,'2nd Year','1st Sem','2nd Month','2023-02-01','2022-11-28 06:26:35','2022-11-22 08:51:54'),(272,26,'2nd Year','1st Sem','2nd Month','2023-02-01','2022-11-07 23:19:18','2023-05-05 08:33:46'),(273,27,'2nd Year','1st Sem','2nd Month','2023-02-01','2022-09-17 00:41:36','2022-12-19 12:36:13'),(274,28,'2nd Year','1st Sem','2nd Month','2023-02-01','2023-05-24 17:00:50','2023-04-08 02:58:59'),(275,29,'2nd Year','1st Sem','2nd Month','2023-02-01','2023-03-29 21:52:26','2022-12-14 01:51:41'),(276,30,'2nd Year','1st Sem','2nd Month','2023-02-01','2023-03-13 19:05:08','2022-10-07 10:31:35'),(277,31,'2nd Year','1st Sem','2nd Month','2023-02-01','2023-05-09 04:59:40','2023-04-16 02:53:29'),(278,32,'2nd Year','1st Sem','2nd Month','2023-02-01','2022-11-11 14:08:50','2022-09-15 03:11:36'),(279,33,'2nd Year','1st Sem','2nd Month','2023-02-01','2023-01-22 12:09:00','2023-03-14 20:00:09'),(280,34,'2nd Year','1st Sem','2nd Month','2023-02-01','2022-10-06 02:49:02','2022-09-03 21:26:59'),(281,35,'2nd Year','1st Sem','2nd Month','2023-02-01','2022-11-07 11:32:44','2022-12-26 00:12:53'),(282,36,'2nd Year','1st Sem','2nd Month','2023-02-01','2022-10-13 08:28:42','2023-04-16 01:11:59'),(283,37,'2nd Year','1st Sem','2nd Month','2023-02-01','2022-10-16 20:27:25','2022-10-08 13:27:38'),(284,38,'2nd Year','1st Sem','2nd Month','2023-02-01','2023-02-28 18:42:29','2023-02-13 16:22:03'),(285,39,'2nd Year','1st Sem','2nd Month','2023-02-01','2023-04-20 01:44:55','2022-09-14 05:45:29'),(286,40,'2nd Year','1st Sem','2nd Month','2023-02-01','2023-01-12 10:47:00','2022-12-07 04:10:56'),(287,41,'2nd Year','1st Sem','2nd Month','2023-02-01','2023-02-24 03:50:25','2023-01-19 18:30:04'),(288,1,'2nd Year','2nd Sem','3rd Month','2023-04-01','2022-10-07 01:54:24','2023-05-13 04:57:41'),(289,2,'2nd Year','2nd Sem','3rd Month','2023-04-01','2022-12-07 15:58:48','2022-11-24 18:22:57'),(290,3,'2nd Year','2nd Sem','3rd Month','2023-04-01','2023-02-14 02:26:08','2022-11-06 21:29:05'),(291,4,'2nd Year','2nd Sem','3rd Month','2023-04-01','2022-10-03 05:53:04','2022-11-09 10:51:50'),(292,5,'2nd Year','2nd Sem','3rd Month','2023-04-01','2023-01-25 04:59:15','2022-11-21 08:13:38'),(293,6,'2nd Year','2nd Sem','3rd Month','2023-04-01','2023-05-26 04:02:25','2022-10-15 02:51:47'),(294,7,'2nd Year','2nd Sem','3rd Month','2023-04-01','2023-03-09 21:39:05','2023-05-14 06:38:37'),(295,8,'2nd Year','2nd Sem','3rd Month','2023-04-01','2022-09-23 06:11:07','2022-11-29 18:47:59'),(296,9,'2nd Year','2nd Sem','3rd Month','2023-04-01','2023-03-09 19:12:36','2023-03-23 00:09:43'),(297,10,'2nd Year','2nd Sem','3rd Month','2023-04-01','2023-04-21 23:32:41','2022-12-29 00:17:10'),(298,11,'2nd Year','2nd Sem','3rd Month','2023-04-01','2023-04-27 22:36:01','2022-12-12 00:30:15'),(299,12,'2nd Year','2nd Sem','3rd Month','2023-04-01','2023-03-24 11:19:42','2023-02-18 15:12:41'),(300,13,'2nd Year','2nd Sem','3rd Month','2023-04-01','2023-05-04 15:20:34','2023-06-01 14:26:30'),(301,14,'2nd Year','2nd Sem','3rd Month','2023-04-01','2023-04-29 00:53:02','2022-12-27 02:37:52'),(302,15,'2nd Year','2nd Sem','3rd Month','2023-04-01','2022-11-19 03:35:48','2022-09-09 05:21:10'),(303,16,'2nd Year','2nd Sem','3rd Month','2023-04-01','2023-05-26 08:21:14','2022-09-22 06:40:07'),(304,17,'2nd Year','2nd Sem','3rd Month','2023-04-01','2022-12-07 12:46:29','2023-04-09 21:05:47'),(305,18,'2nd Year','2nd Sem','3rd Month','2023-04-01','2023-05-04 12:03:24','2023-03-10 23:41:23'),(306,19,'2nd Year','2nd Sem','3rd Month','2023-04-01','2023-02-04 19:18:13','2023-02-06 23:00:27'),(307,20,'2nd Year','2nd Sem','3rd Month','2023-04-01','2022-09-20 18:42:47','2022-09-12 02:34:13'),(308,21,'2nd Year','2nd Sem','3rd Month','2023-04-01','2023-01-05 08:56:19','2023-04-13 00:32:53'),(309,22,'2nd Year','2nd Sem','3rd Month','2023-04-01','2022-11-15 13:19:59','2023-05-04 19:50:04'),(310,23,'2nd Year','2nd Sem','3rd Month','2023-04-01','2023-02-04 14:57:43','2022-11-03 07:51:18'),(311,24,'2nd Year','2nd Sem','3rd Month','2023-04-01','2022-10-19 17:46:40','2022-10-05 16:23:31'),(312,25,'2nd Year','2nd Sem','3rd Month','2023-04-01','2023-05-05 06:53:20','2023-01-17 18:17:47'),(313,26,'2nd Year','2nd Sem','3rd Month','2023-04-01','2022-11-15 17:50:51','2022-11-08 12:35:32'),(314,27,'2nd Year','2nd Sem','3rd Month','2023-04-01','2022-12-05 03:10:19','2023-05-13 06:07:17'),(315,28,'2nd Year','2nd Sem','3rd Month','2023-04-01','2023-05-04 21:44:22','2023-03-22 04:52:23'),(316,29,'2nd Year','2nd Sem','3rd Month','2023-04-01','2023-02-10 01:00:24','2023-02-21 04:37:44'),(317,30,'2nd Year','2nd Sem','3rd Month','2023-04-01','2023-01-12 23:08:36','2023-05-28 20:58:46'),(318,31,'2nd Year','2nd Sem','3rd Month','2023-04-01','2022-09-10 22:38:20','2023-01-06 14:02:05'),(319,32,'2nd Year','2nd Sem','3rd Month','2023-04-01','2023-03-02 20:05:17','2023-04-07 11:56:34'),(320,33,'2nd Year','2nd Sem','3rd Month','2023-04-01','2022-12-12 23:20:00','2022-10-11 03:57:00'),(321,34,'2nd Year','2nd Sem','3rd Month','2023-04-01','2023-03-13 03:41:16','2023-04-02 02:31:45'),(322,35,'2nd Year','2nd Sem','3rd Month','2023-04-01','2023-01-13 03:54:58','2023-02-05 06:05:48'),(323,36,'2nd Year','2nd Sem','3rd Month','2023-04-01','2022-12-16 02:25:05','2023-02-06 08:40:23'),(324,37,'2nd Year','2nd Sem','3rd Month','2023-04-01','2023-02-10 22:34:13','2023-02-01 22:45:01'),(325,38,'2nd Year','2nd Sem','3rd Month','2023-04-01','2023-01-16 01:00:26','2022-09-25 04:21:17'),(326,39,'2nd Year','2nd Sem','3rd Month','2023-04-01','2023-02-02 17:50:02','2022-10-09 16:55:47'),(327,40,'2nd Year','2nd Sem','3rd Month','2023-04-01','2022-12-08 13:49:41','2023-05-24 05:05:12'),(328,41,'2nd Year','2nd Sem','3rd Month','2023-04-01','2022-09-09 00:01:37','2023-05-13 02:57:15'),(329,1,'2nd Year','2nd Sem','4th Month','2023-05-01','2022-11-24 17:27:54','2023-05-28 08:28:21'),(330,2,'2nd Year','2nd Sem','4th Month','2023-05-01','2022-12-13 09:10:19','2023-03-22 22:15:02'),(331,3,'2nd Year','2nd Sem','4th Month','2023-05-01','2023-01-21 18:21:11','2022-11-07 00:22:49'),(332,4,'2nd Year','2nd Sem','4th Month','2023-05-01','2022-12-02 09:40:32','2022-12-28 05:17:50'),(333,5,'2nd Year','2nd Sem','4th Month','2023-05-01','2023-05-25 23:49:26','2023-02-05 01:15:49'),(334,6,'2nd Year','2nd Sem','4th Month','2023-05-01','2022-10-02 20:22:52','2022-10-31 09:29:41'),(335,7,'2nd Year','2nd Sem','4th Month','2023-05-01','2023-03-06 17:06:54','2022-11-11 17:13:48'),(336,8,'2nd Year','2nd Sem','4th Month','2023-05-01','2022-10-23 05:12:27','2022-09-25 05:27:52'),(337,9,'2nd Year','2nd Sem','4th Month','2023-05-01','2023-02-03 01:44:03','2023-02-27 08:27:39'),(338,10,'2nd Year','2nd Sem','4th Month','2023-05-01','2022-10-17 14:49:13','2022-10-02 14:51:30'),(339,11,'2nd Year','2nd Sem','4th Month','2023-05-01','2022-12-09 18:44:00','2023-05-24 20:55:16'),(340,12,'2nd Year','2nd Sem','4th Month','2023-05-01','2022-09-03 18:06:58','2023-03-30 01:16:28'),(341,13,'2nd Year','2nd Sem','4th Month','2023-05-01','2022-10-11 19:25:30','2023-02-28 05:18:55'),(342,14,'2nd Year','2nd Sem','4th Month','2023-05-01','2022-09-11 14:40:41','2022-09-19 06:38:46'),(343,15,'2nd Year','2nd Sem','4th Month','2023-05-01','2023-05-30 17:50:12','2023-01-12 18:13:53'),(344,16,'2nd Year','2nd Sem','4th Month','2023-05-01','2023-03-12 20:02:01','2022-09-15 19:29:16'),(345,17,'2nd Year','2nd Sem','4th Month','2023-05-01','2023-02-28 08:05:56','2023-05-24 14:19:33'),(346,18,'2nd Year','2nd Sem','4th Month','2023-05-01','2023-02-16 08:29:14','2022-10-10 16:05:12'),(347,19,'2nd Year','2nd Sem','4th Month','2023-05-01','2022-11-08 15:16:56','2022-09-21 07:07:36'),(348,20,'2nd Year','2nd Sem','4th Month','2023-05-01','2022-11-22 16:56:19','2022-12-11 15:27:32'),(349,21,'2nd Year','2nd Sem','4th Month','2023-05-01','2023-04-10 06:09:39','2022-11-20 11:40:06'),(350,22,'2nd Year','2nd Sem','4th Month','2023-05-01','2022-12-04 07:05:58','2022-10-16 03:08:32'),(351,23,'2nd Year','2nd Sem','4th Month','2023-05-01','2022-09-30 19:35:38','2023-01-05 18:33:12'),(352,24,'2nd Year','2nd Sem','4th Month','2023-05-01','2023-05-03 18:48:21','2023-03-20 04:41:37'),(353,25,'2nd Year','2nd Sem','4th Month','2023-05-01','2022-09-23 09:49:15','2023-02-17 10:04:07'),(354,26,'2nd Year','2nd Sem','4th Month','2023-05-01','2022-12-14 13:38:18','2022-11-07 08:07:11'),(355,27,'2nd Year','2nd Sem','4th Month','2023-05-01','2023-03-08 12:42:34','2023-04-20 14:10:46'),(356,28,'2nd Year','2nd Sem','4th Month','2023-05-01','2022-11-22 10:33:45','2023-04-07 07:23:34'),(357,29,'2nd Year','2nd Sem','4th Month','2023-05-01','2022-11-01 09:55:46','2023-02-22 16:24:53'),(358,30,'2nd Year','2nd Sem','4th Month','2023-05-01','2022-10-17 07:08:15','2023-05-02 00:06:12'),(359,31,'2nd Year','2nd Sem','4th Month','2023-05-01','2022-11-05 08:45:30','2023-02-13 09:15:50'),(360,32,'2nd Year','2nd Sem','4th Month','2023-05-01','2023-03-25 21:16:35','2023-01-16 17:32:49'),(361,33,'2nd Year','2nd Sem','4th Month','2023-05-01','2023-05-29 11:12:58','2022-12-16 04:55:19'),(362,34,'2nd Year','2nd Sem','4th Month','2023-05-01','2022-09-09 00:52:45','2023-03-30 16:56:40'),(363,35,'2nd Year','2nd Sem','4th Month','2023-05-01','2022-10-15 13:58:29','2022-12-21 07:14:58'),(364,36,'2nd Year','2nd Sem','4th Month','2023-05-01','2022-11-07 13:10:03','2022-12-09 06:17:14'),(365,37,'2nd Year','2nd Sem','4th Month','2023-05-01','2023-05-13 10:21:45','2023-03-01 18:03:07'),(366,38,'2nd Year','2nd Sem','4th Month','2023-05-01','2022-09-18 21:17:24','2023-03-04 23:06:26'),(367,39,'2nd Year','2nd Sem','4th Month','2023-05-01','2022-12-20 01:15:33','2022-12-22 06:55:43'),(368,40,'2nd Year','2nd Sem','4th Month','2023-05-01','2023-02-02 00:53:29','2022-11-10 04:43:04'),(369,41,'2nd Year','2nd Sem','4th Month','2023-05-01','2023-04-09 04:44:38','2022-10-19 00:31:16'),(370,1,'2nd Year','2nd Sem','5th Month','2023-05-01','2022-10-06 00:38:17','2023-03-14 03:49:56'),(371,2,'2nd Year','2nd Sem','5th Month','2023-05-01','2022-11-01 20:13:27','2023-03-31 01:13:09'),(372,3,'2nd Year','2nd Sem','5th Month','2023-05-01','2023-02-25 22:34:32','2023-01-27 23:25:04'),(373,4,'2nd Year','2nd Sem','5th Month','2023-05-01','2023-02-08 21:31:00','2022-10-08 12:57:35'),(374,5,'2nd Year','2nd Sem','5th Month','2023-05-01','2023-02-05 01:31:37','2022-11-19 12:04:17'),(375,6,'2nd Year','2nd Sem','5th Month','2023-05-01','2023-03-24 22:38:00','2023-01-08 02:43:33'),(376,7,'2nd Year','2nd Sem','5th Month','2023-05-01','2022-10-08 03:37:49','2022-11-26 19:39:52'),(377,8,'2nd Year','2nd Sem','5th Month','2023-05-01','2023-05-20 07:52:30','2022-11-13 07:54:28'),(378,9,'2nd Year','2nd Sem','5th Month','2023-05-01','2022-12-07 02:04:16','2023-04-18 14:37:40'),(379,10,'2nd Year','2nd Sem','5th Month','2023-05-01','2022-12-10 15:19:52','2023-01-29 00:04:07'),(380,11,'2nd Year','2nd Sem','5th Month','2023-05-01','2023-04-09 09:27:35','2022-11-02 23:57:16'),(381,12,'2nd Year','2nd Sem','5th Month','2023-05-01','2023-03-24 12:28:02','2022-09-12 17:54:21'),(382,13,'2nd Year','2nd Sem','5th Month','2023-05-01','2022-10-21 16:49:01','2023-03-24 21:31:41'),(383,14,'2nd Year','2nd Sem','5th Month','2023-05-01','2023-04-07 21:17:07','2023-02-11 14:08:40'),(384,15,'2nd Year','2nd Sem','5th Month','2023-05-01','2022-10-18 22:08:03','2022-09-16 02:12:38'),(385,16,'2nd Year','2nd Sem','5th Month','2023-05-01','2023-03-13 23:50:43','2022-09-20 11:01:23'),(386,17,'2nd Year','2nd Sem','5th Month','2023-05-01','2023-03-12 09:12:45','2023-04-27 07:42:32'),(387,18,'2nd Year','2nd Sem','5th Month','2023-05-01','2022-12-10 09:31:54','2023-02-01 05:36:42'),(388,19,'2nd Year','2nd Sem','5th Month','2023-05-01','2022-12-23 13:15:29','2023-03-03 19:20:59'),(389,20,'2nd Year','2nd Sem','5th Month','2023-05-01','2023-04-11 04:48:43','2023-05-09 06:09:06'),(390,21,'2nd Year','2nd Sem','5th Month','2023-05-01','2023-04-14 17:50:39','2023-03-27 06:49:07'),(391,22,'2nd Year','2nd Sem','5th Month','2023-05-01','2023-02-11 20:37:10','2022-09-30 05:37:26'),(392,23,'2nd Year','2nd Sem','5th Month','2023-05-01','2023-02-06 04:39:43','2023-05-20 10:24:57'),(393,24,'2nd Year','2nd Sem','5th Month','2023-05-01','2022-09-06 00:39:57','2023-03-09 13:47:18'),(394,25,'2nd Year','2nd Sem','5th Month','2023-05-01','2023-02-18 08:47:06','2023-01-08 10:35:14'),(395,26,'2nd Year','2nd Sem','5th Month','2023-05-01','2023-02-09 17:17:09','2023-02-03 05:48:52'),(396,27,'2nd Year','2nd Sem','5th Month','2023-05-01','2022-11-04 05:06:00','2023-02-25 15:29:34'),(397,28,'2nd Year','2nd Sem','5th Month','2023-05-01','2023-04-23 12:12:29','2022-09-28 16:18:41'),(398,29,'2nd Year','2nd Sem','5th Month','2023-05-01','2022-09-12 14:38:11','2023-04-27 09:19:55'),(399,30,'2nd Year','2nd Sem','5th Month','2023-05-01','2023-02-17 19:45:42','2023-05-09 07:53:22'),(400,31,'2nd Year','2nd Sem','5th Month','2023-05-01','2023-03-21 14:54:32','2023-06-01 10:29:55'),(401,32,'2nd Year','2nd Sem','5th Month','2023-05-01','2022-10-25 06:55:21','2022-12-21 07:09:48'),(402,33,'2nd Year','2nd Sem','5th Month','2023-05-01','2023-05-31 02:59:22','2023-04-22 07:36:18'),(403,34,'2nd Year','2nd Sem','5th Month','2023-05-01','2022-12-10 14:52:14','2023-05-26 00:27:38'),(404,35,'2nd Year','2nd Sem','5th Month','2023-05-01','2022-09-04 15:03:18','2022-09-17 09:36:57'),(405,36,'2nd Year','2nd Sem','5th Month','2023-05-01','2022-11-20 22:50:58','2022-09-15 12:37:32'),(406,37,'2nd Year','2nd Sem','5th Month','2023-05-01','2023-06-02 22:44:55','2022-10-15 16:47:13'),(407,38,'2nd Year','2nd Sem','5th Month','2023-05-01','2022-10-05 01:42:08','2023-05-21 22:20:27'),(408,39,'2nd Year','2nd Sem','5th Month','2023-05-01','2022-12-08 05:07:56','2023-05-21 02:49:55'),(409,40,'2nd Year','2nd Sem','5th Month','2023-05-01','2022-09-15 06:04:39','2022-12-20 10:43:25'),(410,41,'2nd Year','2nd Sem','5th Month','2023-05-01','2023-05-23 12:34:18','2022-10-03 08:04:36'),(411,1,'3rd Year','1st Sem','1st Month','2023-08-01','2023-01-25 19:54:01','2022-10-06 08:23:18'),(412,2,'3rd Year','1st Sem','1st Month','2023-08-01','2023-02-27 15:43:02','2023-02-17 00:13:04'),(413,3,'3rd Year','1st Sem','1st Month','2023-08-01','2022-10-03 01:50:50','2023-02-08 18:22:27'),(414,4,'3rd Year','1st Sem','1st Month','2023-08-01','2023-02-06 21:30:32','2022-09-26 02:27:00'),(415,5,'3rd Year','1st Sem','1st Month','2023-08-01','2023-05-23 19:30:05','2023-01-17 18:18:30'),(416,6,'3rd Year','1st Sem','1st Month','2023-08-01','2022-12-18 15:08:17','2023-03-09 23:26:24'),(417,7,'3rd Year','1st Sem','1st Month','2023-08-01','2022-09-28 12:28:01','2022-12-30 06:06:13'),(418,8,'3rd Year','1st Sem','1st Month','2023-08-01','2022-12-28 18:54:53','2023-03-07 18:24:39'),(419,9,'3rd Year','1st Sem','1st Month','2023-08-01','2023-05-27 15:22:56','2023-04-19 00:17:30'),(420,10,'3rd Year','1st Sem','1st Month','2023-08-01','2022-09-16 02:06:21','2023-05-09 11:55:39'),(421,11,'3rd Year','1st Sem','1st Month','2023-08-01','2022-11-04 03:24:47','2023-05-28 15:25:55'),(422,12,'3rd Year','1st Sem','1st Month','2023-08-01','2022-10-15 03:51:17','2022-11-14 04:20:39'),(423,13,'3rd Year','1st Sem','1st Month','2023-08-01','2023-01-13 07:58:44','2023-01-11 22:38:46'),(424,14,'3rd Year','1st Sem','1st Month','2023-08-01','2023-01-06 20:34:18','2023-01-09 12:20:12'),(425,15,'3rd Year','1st Sem','1st Month','2023-08-01','2022-12-11 09:05:13','2022-09-17 20:57:34'),(426,16,'3rd Year','1st Sem','1st Month','2023-08-01','2023-04-14 00:05:19','2023-03-09 21:57:45'),(427,17,'3rd Year','1st Sem','1st Month','2023-08-01','2023-03-24 10:06:15','2023-01-27 06:03:48'),(428,18,'3rd Year','1st Sem','1st Month','2023-08-01','2023-04-10 16:06:14','2022-11-21 02:54:27'),(429,19,'3rd Year','1st Sem','1st Month','2023-08-01','2022-10-12 18:19:07','2023-03-02 08:31:27'),(430,20,'3rd Year','1st Sem','1st Month','2023-08-01','2023-01-30 12:21:36','2023-03-27 00:31:41'),(431,21,'3rd Year','1st Sem','1st Month','2023-08-01','2023-01-07 18:57:22','2023-03-04 10:34:58'),(432,22,'3rd Year','1st Sem','1st Month','2023-08-01','2022-12-05 15:23:00','2022-11-16 22:24:32'),(433,23,'3rd Year','1st Sem','1st Month','2023-08-01','2023-02-05 10:03:04','2022-09-27 17:50:43'),(434,24,'3rd Year','1st Sem','1st Month','2023-08-01','2022-11-26 13:26:23','2023-01-01 02:37:56'),(435,25,'3rd Year','1st Sem','1st Month','2023-08-01','2022-11-26 08:14:09','2023-05-20 12:24:08'),(436,26,'3rd Year','1st Sem','1st Month','2023-08-01','2023-01-20 23:08:08','2023-03-19 13:28:55'),(437,27,'3rd Year','1st Sem','1st Month','2023-08-01','2023-03-16 23:03:20','2022-10-17 23:31:31'),(438,28,'3rd Year','1st Sem','1st Month','2023-08-01','2022-09-22 01:33:09','2022-12-10 21:06:27'),(439,29,'3rd Year','1st Sem','1st Month','2023-08-01','2023-05-22 02:35:45','2022-10-09 17:03:53'),(440,30,'3rd Year','1st Sem','1st Month','2023-08-01','2023-03-09 08:44:07','2022-10-13 03:15:14'),(441,31,'3rd Year','1st Sem','1st Month','2023-08-01','2023-03-05 03:21:02','2022-11-28 08:23:40'),(442,32,'3rd Year','1st Sem','1st Month','2023-08-01','2022-12-08 13:17:57','2023-01-12 03:32:38'),(443,33,'3rd Year','1st Sem','1st Month','2023-08-01','2023-02-14 04:47:32','2023-01-08 03:23:42'),(444,34,'3rd Year','1st Sem','1st Month','2023-08-01','2023-05-29 06:08:49','2023-04-16 21:54:57'),(445,35,'3rd Year','1st Sem','1st Month','2023-08-01','2022-09-17 06:36:59','2023-01-02 19:29:21'),(446,36,'3rd Year','1st Sem','1st Month','2023-08-01','2022-11-25 00:43:07','2022-09-12 07:10:40'),(447,37,'3rd Year','1st Sem','1st Month','2023-08-01','2023-03-30 02:57:03','2023-04-30 08:40:09'),(448,38,'3rd Year','1st Sem','1st Month','2023-08-01','2023-04-03 11:51:50','2023-02-19 18:43:07'),(449,39,'3rd Year','1st Sem','1st Month','2023-08-01','2022-10-02 08:33:31','2023-05-15 09:26:03'),(450,40,'3rd Year','1st Sem','1st Month','2023-08-01','2022-12-11 02:50:26','2023-04-27 02:11:46'),(451,41,'3rd Year','1st Sem','1st Month','2023-08-01','2023-02-14 20:47:05','2023-04-06 08:45:49'),(452,1,'3rd Year','1st Sem','2nd Month','2023-09-01','2022-09-20 07:16:45','2022-12-29 16:44:36'),(453,2,'3rd Year','1st Sem','2nd Month','2023-09-01','2023-01-01 13:34:45','2023-05-12 09:14:53'),(454,3,'3rd Year','1st Sem','2nd Month','2023-09-01','2023-05-09 23:47:21','2023-01-03 14:52:50'),(455,4,'3rd Year','1st Sem','2nd Month','2023-09-01','2023-04-05 01:47:32','2022-12-11 09:27:43'),(456,5,'3rd Year','1st Sem','2nd Month','2023-09-01','2023-05-31 03:06:29','2023-04-14 00:14:26'),(457,6,'3rd Year','1st Sem','2nd Month','2023-09-01','2023-01-15 02:37:54','2022-12-26 09:46:58'),(458,7,'3rd Year','1st Sem','2nd Month','2023-09-01','2023-02-28 15:40:42','2023-02-26 22:58:15'),(459,8,'3rd Year','1st Sem','2nd Month','2023-09-01','2023-02-12 19:41:22','2022-09-17 13:20:23'),(460,9,'3rd Year','1st Sem','2nd Month','2023-09-01','2023-04-04 19:53:26','2022-10-08 04:55:29'),(461,10,'3rd Year','1st Sem','2nd Month','2023-09-01','2023-02-19 20:14:05','2023-02-21 08:23:17'),(462,11,'3rd Year','1st Sem','2nd Month','2023-09-01','2022-12-14 03:47:56','2022-11-19 13:15:21'),(463,12,'3rd Year','1st Sem','2nd Month','2023-09-01','2022-12-26 12:50:40','2023-01-08 06:10:25'),(464,13,'3rd Year','1st Sem','2nd Month','2023-09-01','2023-01-02 05:40:54','2023-02-24 10:55:56'),(465,14,'3rd Year','1st Sem','2nd Month','2023-09-01','2023-01-29 06:32:13','2023-03-19 02:08:20'),(466,15,'3rd Year','1st Sem','2nd Month','2023-09-01','2022-12-25 03:50:07','2022-09-30 18:26:30'),(467,16,'3rd Year','1st Sem','2nd Month','2023-09-01','2023-03-23 13:48:56','2022-12-21 07:47:25'),(468,17,'3rd Year','1st Sem','2nd Month','2023-09-01','2022-11-08 17:13:14','2022-09-30 01:16:38'),(469,18,'3rd Year','1st Sem','2nd Month','2023-09-01','2023-03-12 12:43:39','2023-01-30 19:31:57'),(470,19,'3rd Year','1st Sem','2nd Month','2023-09-01','2022-12-23 06:04:41','2023-04-16 23:26:31'),(471,20,'3rd Year','1st Sem','2nd Month','2023-09-01','2023-05-26 08:21:37','2022-10-26 12:20:25'),(472,21,'3rd Year','1st Sem','2nd Month','2023-09-01','2022-12-07 00:48:11','2022-12-31 18:28:37'),(473,22,'3rd Year','1st Sem','2nd Month','2023-09-01','2022-09-28 22:10:34','2022-09-04 16:47:15'),(474,23,'3rd Year','1st Sem','2nd Month','2023-09-01','2022-12-22 09:28:36','2022-09-10 12:52:46'),(475,24,'3rd Year','1st Sem','2nd Month','2023-09-01','2023-01-29 01:03:00','2022-12-10 12:55:12'),(476,25,'3rd Year','1st Sem','2nd Month','2023-09-01','2023-03-21 04:44:57','2022-09-23 03:46:20'),(477,26,'3rd Year','1st Sem','2nd Month','2023-09-01','2023-05-18 06:28:49','2022-12-13 07:43:36'),(478,27,'3rd Year','1st Sem','2nd Month','2023-09-01','2022-09-29 16:31:25','2023-02-13 11:01:16'),(479,28,'3rd Year','1st Sem','2nd Month','2023-09-01','2023-05-13 20:52:54','2022-12-19 06:44:25'),(480,29,'3rd Year','1st Sem','2nd Month','2023-09-01','2022-12-28 17:25:45','2022-12-14 00:32:42'),(481,30,'3rd Year','1st Sem','2nd Month','2023-09-01','2022-12-07 23:23:09','2023-04-16 00:29:59'),(482,31,'3rd Year','1st Sem','2nd Month','2023-09-01','2022-09-10 20:42:12','2022-12-21 18:57:20'),(483,32,'3rd Year','1st Sem','2nd Month','2023-09-01','2023-04-21 08:38:14','2022-09-04 06:55:46'),(484,33,'3rd Year','1st Sem','2nd Month','2023-09-01','2022-09-28 01:09:36','2023-03-20 03:14:33'),(485,34,'3rd Year','1st Sem','2nd Month','2023-09-01','2022-10-18 22:58:51','2023-02-17 11:45:47'),(486,35,'3rd Year','1st Sem','2nd Month','2023-09-01','2023-01-15 19:30:29','2023-03-24 01:22:26'),(487,36,'3rd Year','1st Sem','2nd Month','2023-09-01','2023-01-28 15:52:48','2023-04-21 11:31:33'),(488,37,'3rd Year','1st Sem','2nd Month','2023-09-01','2022-12-23 03:47:58','2022-10-29 14:10:32'),(489,38,'3rd Year','1st Sem','2nd Month','2023-09-01','2022-12-06 02:37:37','2023-05-17 14:58:06'),(490,39,'3rd Year','1st Sem','2nd Month','2023-09-01','2023-05-16 21:19:22','2023-04-10 15:36:27'),(491,40,'3rd Year','1st Sem','2nd Month','2023-09-01','2023-02-16 04:47:39','2022-11-04 03:42:13'),(492,41,'3rd Year','1st Sem','2nd Month','2023-09-01','2022-12-28 17:46:49','2023-01-25 18:44:13'),(493,1,'3rd Year','2nd Sem','3rd Month','2023-10-01','2023-04-29 20:18:07','2023-03-01 15:23:41'),(494,2,'3rd Year','2nd Sem','3rd Month','2023-10-01','2022-10-10 22:45:08','2022-10-31 04:37:21'),(495,3,'3rd Year','2nd Sem','3rd Month','2023-10-01','2022-12-12 19:20:01','2023-01-31 16:15:21'),(496,4,'3rd Year','2nd Sem','3rd Month','2023-10-01','2022-12-05 02:01:59','2023-02-04 14:04:39'),(497,5,'3rd Year','2nd Sem','3rd Month','2023-10-01','2023-03-19 01:53:57','2023-01-21 09:24:10'),(498,6,'3rd Year','2nd Sem','3rd Month','2023-10-01','2023-05-31 02:57:00','2022-10-04 15:33:43'),(499,7,'3rd Year','2nd Sem','3rd Month','2023-10-01','2022-09-29 06:35:13','2022-11-07 04:28:19'),(500,8,'3rd Year','2nd Sem','3rd Month','2023-10-01','2022-09-07 02:07:27','2022-11-17 11:21:19'),(501,9,'3rd Year','2nd Sem','3rd Month','2023-10-01','2022-10-03 02:27:18','2023-03-10 05:33:42'),(502,10,'3rd Year','2nd Sem','3rd Month','2023-10-01','2022-12-24 04:43:36','2023-03-28 01:08:48'),(503,11,'3rd Year','2nd Sem','3rd Month','2023-10-01','2022-11-18 05:07:08','2023-05-31 04:46:42'),(504,12,'3rd Year','2nd Sem','3rd Month','2023-10-01','2023-03-13 02:19:09','2022-12-02 20:08:33'),(505,13,'3rd Year','2nd Sem','3rd Month','2023-10-01','2023-01-26 13:52:06','2023-05-24 05:20:48'),(506,14,'3rd Year','2nd Sem','3rd Month','2023-10-01','2022-11-14 04:04:06','2022-12-21 22:45:06'),(507,15,'3rd Year','2nd Sem','3rd Month','2023-10-01','2023-03-20 17:28:28','2022-11-02 18:51:37'),(508,16,'3rd Year','2nd Sem','3rd Month','2023-10-01','2022-12-29 00:57:07','2023-05-31 00:11:11'),(509,17,'3rd Year','2nd Sem','3rd Month','2023-10-01','2022-09-19 23:00:06','2022-12-29 20:27:44'),(510,18,'3rd Year','2nd Sem','3rd Month','2023-10-01','2023-02-03 19:13:30','2022-12-15 18:33:43'),(511,19,'3rd Year','2nd Sem','3rd Month','2023-10-01','2022-10-07 10:12:06','2022-12-13 02:55:19'),(512,20,'3rd Year','2nd Sem','3rd Month','2023-10-01','2022-12-04 19:03:08','2022-10-14 16:46:30'),(513,21,'3rd Year','2nd Sem','3rd Month','2023-10-01','2022-11-24 21:44:30','2023-01-26 08:10:12'),(514,22,'3rd Year','2nd Sem','3rd Month','2023-10-01','2022-11-03 18:15:23','2023-03-03 06:28:08'),(515,23,'3rd Year','2nd Sem','3rd Month','2023-10-01','2023-05-05 02:12:29','2023-01-01 18:20:27'),(516,24,'3rd Year','2nd Sem','3rd Month','2023-10-01','2023-05-22 07:37:14','2022-10-12 22:37:32'),(517,25,'3rd Year','2nd Sem','3rd Month','2023-10-01','2023-04-28 16:11:57','2022-12-10 07:14:06'),(518,26,'3rd Year','2nd Sem','3rd Month','2023-10-01','2023-03-27 22:12:42','2023-04-18 01:32:54'),(519,27,'3rd Year','2nd Sem','3rd Month','2023-10-01','2022-12-09 05:39:29','2022-09-04 19:37:40'),(520,28,'3rd Year','2nd Sem','3rd Month','2023-10-01','2023-05-10 08:53:29','2022-09-07 02:17:19'),(521,29,'3rd Year','2nd Sem','3rd Month','2023-10-01','2023-03-09 20:01:39','2023-03-28 06:20:11'),(522,30,'3rd Year','2nd Sem','3rd Month','2023-10-01','2022-11-24 05:25:24','2023-01-09 19:34:31'),(523,31,'3rd Year','2nd Sem','3rd Month','2023-10-01','2023-04-29 06:02:24','2022-11-14 12:37:55'),(524,32,'3rd Year','2nd Sem','3rd Month','2023-10-01','2023-01-09 06:09:13','2023-01-09 19:40:33'),(525,33,'3rd Year','2nd Sem','3rd Month','2023-10-01','2023-01-06 13:34:54','2022-12-08 05:32:28'),(526,34,'3rd Year','2nd Sem','3rd Month','2023-10-01','2023-03-04 01:56:57','2023-04-27 17:15:34'),(527,35,'3rd Year','2nd Sem','3rd Month','2023-10-01','2023-05-17 19:56:34','2022-10-24 19:33:07'),(528,36,'3rd Year','2nd Sem','3rd Month','2023-10-01','2022-09-04 21:51:19','2023-04-18 15:51:58'),(529,37,'3rd Year','2nd Sem','3rd Month','2023-10-01','2023-02-01 07:28:44','2022-12-28 03:46:47'),(530,38,'3rd Year','2nd Sem','3rd Month','2023-10-01','2023-02-01 06:00:22','2023-01-19 23:09:17'),(531,39,'3rd Year','2nd Sem','3rd Month','2023-10-01','2023-01-23 21:54:35','2023-05-19 03:47:11'),(532,40,'3rd Year','2nd Sem','3rd Month','2023-10-01','2023-02-23 01:55:44','2022-11-10 21:47:35'),(533,41,'3rd Year','2nd Sem','3rd Month','2023-10-01','2022-11-12 23:13:58','2023-04-07 02:18:16'),(534,1,'3rd Year','2nd Sem','4th Month','2023-11-01','2023-03-03 00:25:42','2022-12-04 20:07:16'),(535,2,'3rd Year','2nd Sem','4th Month','2023-11-01','2022-12-12 08:08:27','2022-09-24 16:18:09'),(536,3,'3rd Year','2nd Sem','4th Month','2023-11-01','2023-01-21 20:59:29','2022-09-18 16:09:30'),(537,4,'3rd Year','2nd Sem','4th Month','2023-11-01','2023-05-05 04:43:26','2022-09-29 18:42:31'),(538,5,'3rd Year','2nd Sem','4th Month','2023-11-01','2022-12-16 21:52:37','2022-11-29 02:19:20'),(539,6,'3rd Year','2nd Sem','4th Month','2023-11-01','2023-03-19 03:28:32','2023-03-19 13:20:35'),(540,7,'3rd Year','2nd Sem','4th Month','2023-11-01','2022-11-15 06:49:33','2023-03-18 16:45:33'),(541,8,'3rd Year','2nd Sem','4th Month','2023-11-01','2023-01-27 08:05:30','2022-12-11 03:51:54'),(542,9,'3rd Year','2nd Sem','4th Month','2023-11-01','2022-11-26 03:06:34','2023-02-10 18:22:35'),(543,10,'3rd Year','2nd Sem','4th Month','2023-11-01','2022-11-01 13:53:09','2023-01-01 03:58:02'),(544,11,'3rd Year','2nd Sem','4th Month','2023-11-01','2022-10-16 13:12:45','2022-09-28 21:55:47'),(545,12,'3rd Year','2nd Sem','4th Month','2023-11-01','2022-09-12 10:31:26','2023-03-03 12:59:32'),(546,13,'3rd Year','2nd Sem','4th Month','2023-11-01','2023-05-12 13:39:10','2023-03-07 13:39:37'),(547,14,'3rd Year','2nd Sem','4th Month','2023-11-01','2022-12-08 05:55:45','2022-11-04 18:40:50'),(548,15,'3rd Year','2nd Sem','4th Month','2023-11-01','2022-10-10 14:32:49','2022-12-10 12:40:43'),(549,16,'3rd Year','2nd Sem','4th Month','2023-11-01','2022-09-09 19:52:52','2023-02-15 17:37:39'),(550,17,'3rd Year','2nd Sem','4th Month','2023-11-01','2022-12-08 02:36:26','2022-10-27 18:27:17'),(551,18,'3rd Year','2nd Sem','4th Month','2023-11-01','2023-01-09 15:57:33','2023-05-29 05:38:46'),(552,19,'3rd Year','2nd Sem','4th Month','2023-11-01','2023-04-21 23:28:41','2023-01-13 02:27:34'),(553,20,'3rd Year','2nd Sem','4th Month','2023-11-01','2023-04-02 03:10:21','2023-03-08 18:20:05'),(554,21,'3rd Year','2nd Sem','4th Month','2023-11-01','2022-12-11 13:34:58','2022-09-06 01:00:31'),(555,22,'3rd Year','2nd Sem','4th Month','2023-11-01','2022-09-14 15:14:03','2022-11-29 17:45:54'),(556,23,'3rd Year','2nd Sem','4th Month','2023-11-01','2022-09-15 00:21:44','2023-05-11 11:51:36'),(557,24,'3rd Year','2nd Sem','4th Month','2023-11-01','2023-04-10 00:20:05','2023-02-21 13:14:43'),(558,25,'3rd Year','2nd Sem','4th Month','2023-11-01','2023-04-26 09:42:51','2023-01-26 17:24:25'),(559,26,'3rd Year','2nd Sem','4th Month','2023-11-01','2022-09-22 09:40:02','2023-03-15 13:13:12'),(560,27,'3rd Year','2nd Sem','4th Month','2023-11-01','2022-11-28 00:33:14','2022-09-16 21:45:13'),(561,28,'3rd Year','2nd Sem','4th Month','2023-11-01','2022-10-05 01:29:42','2022-12-21 01:28:48'),(562,29,'3rd Year','2nd Sem','4th Month','2023-11-01','2023-05-10 05:19:29','2023-05-29 09:58:57'),(563,30,'3rd Year','2nd Sem','4th Month','2023-11-01','2023-03-16 05:43:41','2023-03-20 15:44:30'),(564,31,'3rd Year','2nd Sem','4th Month','2023-11-01','2022-10-18 04:09:01','2023-02-20 12:27:42'),(565,32,'3rd Year','2nd Sem','4th Month','2023-11-01','2023-05-27 05:12:05','2023-01-23 18:14:03'),(566,33,'3rd Year','2nd Sem','4th Month','2023-11-01','2022-10-06 21:30:18','2022-09-13 22:42:37'),(567,34,'3rd Year','2nd Sem','4th Month','2023-11-01','2022-10-02 05:01:06','2023-04-25 17:37:27'),(568,35,'3rd Year','2nd Sem','4th Month','2023-11-01','2022-12-10 19:08:15','2023-04-16 08:49:56'),(569,36,'3rd Year','2nd Sem','4th Month','2023-11-01','2022-09-10 20:57:38','2023-02-26 12:03:17'),(570,37,'3rd Year','2nd Sem','4th Month','2023-11-01','2023-01-27 20:14:19','2022-09-27 17:54:41'),(571,38,'3rd Year','2nd Sem','4th Month','2023-11-01','2023-01-08 21:20:56','2022-10-15 16:48:34'),(572,39,'3rd Year','2nd Sem','4th Month','2023-11-01','2023-03-11 12:31:51','2023-02-09 02:04:01'),(573,40,'3rd Year','2nd Sem','4th Month','2023-11-01','2023-04-02 13:19:34','2022-11-23 06:58:49'),(574,41,'3rd Year','2nd Sem','4th Month','2023-11-01','2023-04-06 00:23:14','2023-04-25 06:08:04'),(575,1,'3rd Year','2nd Sem','5th Month','2023-12-01','2023-03-15 20:11:33','2023-03-30 15:26:19'),(576,2,'3rd Year','2nd Sem','5th Month','2023-12-01','2023-05-21 08:57:56','2023-01-16 17:11:37'),(577,3,'3rd Year','2nd Sem','5th Month','2023-12-01','2022-11-04 23:19:58','2023-03-17 08:56:51'),(578,4,'3rd Year','2nd Sem','5th Month','2023-12-01','2023-02-10 19:36:24','2022-10-19 23:46:48'),(579,5,'3rd Year','2nd Sem','5th Month','2023-12-01','2022-12-29 04:52:24','2023-05-02 02:39:22'),(580,6,'3rd Year','2nd Sem','5th Month','2023-12-01','2022-11-23 22:00:11','2022-11-24 03:52:30'),(581,7,'3rd Year','2nd Sem','5th Month','2023-12-01','2023-05-27 04:30:08','2023-03-10 14:41:35'),(582,8,'3rd Year','2nd Sem','5th Month','2023-12-01','2023-04-22 02:50:21','2023-02-04 22:34:40'),(583,9,'3rd Year','2nd Sem','5th Month','2023-12-01','2022-11-04 20:43:49','2023-01-04 18:50:06'),(584,10,'3rd Year','2nd Sem','5th Month','2023-12-01','2023-01-27 20:59:08','2022-09-29 05:44:04'),(585,11,'3rd Year','2nd Sem','5th Month','2023-12-01','2023-05-28 23:41:07','2022-11-10 16:55:30'),(586,12,'3rd Year','2nd Sem','5th Month','2023-12-01','2023-01-01 23:58:57','2023-04-23 22:03:56'),(587,13,'3rd Year','2nd Sem','5th Month','2023-12-01','2023-02-20 07:04:59','2023-05-15 07:42:34'),(588,14,'3rd Year','2nd Sem','5th Month','2023-12-01','2022-11-21 05:32:12','2023-01-11 21:08:57'),(589,15,'3rd Year','2nd Sem','5th Month','2023-12-01','2022-12-07 18:54:49','2023-04-17 20:59:42'),(590,16,'3rd Year','2nd Sem','5th Month','2023-12-01','2023-01-19 20:53:38','2022-10-24 08:23:45'),(591,17,'3rd Year','2nd Sem','5th Month','2023-12-01','2022-09-25 09:29:15','2022-10-14 07:31:11'),(592,18,'3rd Year','2nd Sem','5th Month','2023-12-01','2023-03-23 12:01:43','2022-10-11 12:03:16'),(593,19,'3rd Year','2nd Sem','5th Month','2023-12-01','2023-01-11 17:32:36','2022-10-22 23:01:31'),(594,20,'3rd Year','2nd Sem','5th Month','2023-12-01','2022-12-01 11:38:45','2022-09-30 15:01:43'),(595,21,'3rd Year','2nd Sem','5th Month','2023-12-01','2022-11-12 00:45:54','2023-05-09 11:59:59'),(596,22,'3rd Year','2nd Sem','5th Month','2023-12-01','2023-02-05 23:59:47','2023-02-26 18:37:24'),(597,23,'3rd Year','2nd Sem','5th Month','2023-12-01','2023-04-02 16:37:16','2022-10-02 03:50:45'),(598,24,'3rd Year','2nd Sem','5th Month','2023-12-01','2023-04-22 16:27:49','2023-02-26 15:07:40'),(599,25,'3rd Year','2nd Sem','5th Month','2023-12-01','2023-02-20 18:07:34','2022-12-26 18:45:26'),(600,26,'3rd Year','2nd Sem','5th Month','2023-12-01','2023-04-09 02:23:34','2023-01-20 17:44:03'),(601,27,'3rd Year','2nd Sem','5th Month','2023-12-01','2022-11-10 17:16:25','2023-05-13 08:10:02'),(602,28,'3rd Year','2nd Sem','5th Month','2023-12-01','2022-12-28 11:40:22','2022-10-28 04:34:16'),(603,29,'3rd Year','2nd Sem','5th Month','2023-12-01','2023-03-16 02:09:05','2023-05-10 12:46:21'),(604,30,'3rd Year','2nd Sem','5th Month','2023-12-01','2023-01-29 10:47:36','2022-11-04 13:05:08'),(605,31,'3rd Year','2nd Sem','5th Month','2023-12-01','2023-05-26 06:06:20','2022-12-18 02:24:59'),(606,32,'3rd Year','2nd Sem','5th Month','2023-12-01','2022-11-06 22:50:51','2022-11-14 06:37:49'),(607,33,'3rd Year','2nd Sem','5th Month','2023-12-01','2023-05-26 01:53:06','2023-03-31 02:29:41'),(608,34,'3rd Year','2nd Sem','5th Month','2023-12-01','2022-12-28 03:45:52','2023-01-08 16:28:26'),(609,35,'3rd Year','2nd Sem','5th Month','2023-12-01','2023-01-10 03:30:44','2023-02-22 10:38:36'),(610,36,'3rd Year','2nd Sem','5th Month','2023-12-01','2023-04-09 18:51:18','2023-04-27 13:11:27'),(611,37,'3rd Year','2nd Sem','5th Month','2023-12-01','2023-04-07 02:50:41','2023-03-18 09:26:06'),(612,38,'3rd Year','2nd Sem','5th Month','2023-12-01','2022-11-24 09:06:32','2022-09-11 23:35:04'),(613,39,'3rd Year','2nd Sem','5th Month','2023-12-01','2023-02-06 07:48:28','2022-11-07 18:26:27'),(614,40,'3rd Year','2nd Sem','5th Month','2023-12-01','2023-04-28 10:33:59','2023-03-18 06:42:11'),(615,41,'3rd Year','2nd Sem','5th Month','2023-12-01','2022-10-24 02:39:10','2023-01-22 22:49:49');
/*!40000 ALTER TABLE `allowances` ENABLE KEYS */;
UNLOCK TABLES;

--
-- Table structure for table `grades`
--

DROP TABLE IF EXISTS `grades`;
/*!40101 SET @saved_cs_client     = @@character_set_client */;
/*!50503 SET character_set_client = utf8mb4 */;
CREATE TABLE `grades` (
  `gradeID` int NOT NULL AUTO_INCREMENT,
  `memberID` int NOT NULL,
  `yearlevel` enum('1st Year','2nd Year','3rd Year','4th Year') COLLATE utf8mb4_general_ci NOT NULL,
  `semester` enum('1st Sem','2nd Sem') COLLATE utf8mb4_general_ci NOT NULL,
  `course` varchar(200) COLLATE utf8mb4_general_ci NOT NULL,
  `code` varchar(200) COLLATE utf8mb4_general_ci NOT NULL,
  `unit` int NOT NULL,
  `grades` decimal(4,2) NOT NULL,
  `updated_at` timestamp NULL DEFAULT NULL,
  `created_at` timestamp NULL DEFAULT NULL,
  PRIMARY KEY (`gradeID`),
  KEY `newcons` (`memberID`),
  CONSTRAINT `fkmemberss` FOREIGN KEY (`memberID`) REFERENCES `members` (`memberID`) ON DELETE CASCADE ON UPDATE CASCADE
) ENGINE=InnoDB AUTO_INCREMENT=533 DEFAULT CHARSET=utf8mb4 COLLATE=utf8mb4_general_ci;
/*!40101 SET character_set_client = @saved_cs_client */;

--
-- Dumping data for table `grades`
--

LOCK TABLES `grades` WRITE;
/*!40000 ALTER TABLE `grades` DISABLE KEYS */;
INSERT INTO `grades` VALUES (1,1,'1st Year','1st Sem','Introduction to Computing','CC 1/L',3,1.75,'2023-06-02 10:15:08','2023-05-29 06:45:00'),(3,1,'1st Year','1st Sem','Computer Programming 1','CC 2/L',3,1.25,'2023-06-02 10:14:48','2023-06-02 10:08:03'),(5,1,'1st Year','2nd Sem','Introduction to Human Computer','IT 2/L',3,2.00,'2023-06-02 10:17:09','2023-06-02 10:09:31'),(6,1,'1st Year','2nd Sem','Computer Programming 2','CC 3/L',3,1.50,'2023-06-02 10:17:54','2023-06-02 10:10:15'),(7,1,'2nd Year','1st Sem','Graphics and Visual Computing','IT 3/L',3,1.50,'2023-06-02 10:18:45','2023-06-02 10:11:12'),(8,1,'2nd Year','1st Sem','Data Structures and Algorithm','CC 4/L',3,1.50,'2023-06-02 10:19:29','2023-06-02 10:11:43'),(9,1,'2nd Year','1st Sem','IT Elective 1','IT E1/L',3,1.25,'2023-06-02 10:20:18','2023-06-02 10:12:19'),(10,1,'2nd Year','1st Sem','IT Elective 2','IT E2/L',3,1.00,'2023-06-02 10:20:48','2023-06-02 10:12:52'),(11,1,'2nd Year','2nd Sem','Information Management','CC 5/L',3,1.50,'2023-06-02 10:21:53','2023-06-02 10:21:53'),(12,1,'2nd Year','2nd Sem','Modeling and Simulation','IT 4',3,1.25,'2023-06-02 10:23:10','2023-06-02 10:22:40'),(13,1,'2nd Year','2nd Sem','Network Technologies 1','IT 5/L',3,1.75,'2023-06-02 10:24:00','2023-06-02 10:24:00'),(14,1,'2nd Year','2nd Sem','Integrative Programming','IT 6/L',3,1.75,'2023-06-02 10:24:56','2023-06-02 10:24:37'),(15,1,'2nd Year','2nd Sem','System Integration Architecture','IT 7/L',3,1.25,'2023-06-02 10:25:47','2023-06-02 10:25:47'),(16,1,'3rd Year','1st Sem','Advance Database System','IT 8/L',3,2.50,'2023-06-02 10:26:35','2023-06-02 10:26:35'),(17,1,'3rd Year','1st Sem','Information Assurance Security','IT 10/L',3,1.00,'2023-06-02 10:27:26','2023-06-02 10:27:16'),(18,1,'3rd Year','1st Sem','Mulimedia Systems','IT 12/L',3,1.50,'2023-06-02 10:28:16','2023-06-02 10:28:08'),(19,1,'3rd Year','1st Sem','IT Elective 3','IT E3/L',3,1.50,'2023-06-02 10:28:46','2023-06-02 10:28:46'),(20,1,'3rd Year','2nd Sem','Application Development','CC 6/L',3,1.00,'2023-06-02 10:41:01','2023-06-02 10:41:01'),(21,2,'1st Year','1st Sem','Introduction to Computing','CC 1/L',3,1.75,'2023-05-17 21:01:26','2023-05-10 13:38:58'),(22,3,'1st Year','1st Sem','Introduction to Computing','CC 1/L',3,1.25,'2023-06-03 05:09:15','2023-05-07 16:28:31'),(23,5,'1st Year','1st Sem','Introduction to Computing','CC 1/L',3,1.50,'2023-05-04 03:19:48','2023-05-11 17:54:52'),(24,6,'1st Year','1st Sem','Introduction to Computing','CC 1/L',3,1.25,'2023-05-23 14:11:28','2023-05-16 17:22:52'),(25,7,'1st Year','1st Sem','Introduction to Computing','CC 1/L',3,2.00,'2023-05-14 13:19:19','2023-05-11 15:31:35'),(26,8,'1st Year','1st Sem','Introduction to Computing','CC 1/L',3,1.50,'2023-05-08 08:17:42','2023-05-07 11:58:28'),(27,9,'1st Year','1st Sem','Introduction to Computing','CC 1/L',3,2.25,'2023-05-14 00:37:35','2023-05-27 15:45:52'),(28,10,'1st Year','1st Sem','Introduction to Computing','CC 1/L',3,2.25,'2023-05-17 05:40:48','2023-05-03 14:37:23'),(29,11,'1st Year','1st Sem','Introduction to Computing','CC 1/L',3,1.25,'2023-06-01 10:52:06','2023-05-03 08:19:41'),(30,12,'1st Year','1st Sem','Introduction to Computing','CC 1/L',3,2.25,'2023-05-26 01:19:44','2023-05-12 12:09:30'),(31,13,'1st Year','1st Sem','Introduction to Computing','CC 1/L',3,1.75,'2023-05-18 03:31:19','2023-05-27 17:01:00'),(32,14,'1st Year','1st Sem','Introduction to Computing','CC 1/L',3,1.00,'2023-05-16 04:03:53','2023-05-06 18:24:32'),(33,15,'1st Year','1st Sem','Introduction to Computing','CC 1/L',3,1.00,'2023-05-30 22:32:31','2023-05-26 11:29:54'),(34,16,'1st Year','1st Sem','Introduction to Computing','CC 1/L',3,1.50,'2023-05-08 13:14:01','2023-05-04 17:36:05'),(35,17,'1st Year','1st Sem','Introduction to Computing','CC 1/L',3,2.50,'2023-05-28 20:05:47','2023-05-16 04:08:57'),(36,18,'1st Year','1st Sem','Introduction to Computing','CC 1/L',3,2.50,'2023-05-15 03:37:02','2023-05-25 12:44:07'),(37,19,'1st Year','1st Sem','Introduction to Computing','CC 1/L',3,1.75,'2023-05-19 21:52:49','2023-05-27 14:03:31'),(38,20,'1st Year','1st Sem','Introduction to Computing','CC 1/L',3,1.00,'2023-05-04 14:22:00','2023-05-24 14:03:27'),(39,21,'1st Year','1st Sem','Introduction to Computing','CC 1/L',3,2.25,'2023-05-19 03:47:58','2023-05-05 05:27:09'),(40,22,'1st Year','1st Sem','Introduction to Computing','CC 1/L',3,2.50,'2023-05-07 11:50:14','2023-05-23 06:27:12'),(41,23,'1st Year','1st Sem','Introduction to Computing','CC 1/L',3,2.75,'2023-05-11 04:29:29','2023-05-12 12:34:46'),(42,24,'1st Year','1st Sem','Introduction to Computing','CC 1/L',3,2.25,'2023-05-29 13:09:55','2023-05-31 06:04:40'),(43,25,'1st Year','1st Sem','Introduction to Computing','CC 1/L',3,2.25,'2023-05-03 00:21:03','2023-05-21 15:34:49'),(44,26,'1st Year','1st Sem','Introduction to Computing','CC 1/L',3,1.00,'2023-05-12 04:33:16','2023-05-26 16:36:19'),(45,27,'1st Year','1st Sem','Introduction to Computing','CC 1/L',3,2.75,'2023-05-28 19:36:47','2023-05-13 01:48:35'),(46,28,'1st Year','1st Sem','Introduction to Computing','CC 1/L',3,1.00,'2023-05-28 13:04:13','2023-05-27 15:13:09'),(47,29,'1st Year','1st Sem','Introduction to Computing','CC 1/L',3,1.50,'2023-05-11 13:37:23','2023-05-06 21:16:33'),(48,30,'1st Year','1st Sem','Introduction to Computing','CC 1/L',3,2.25,'2023-05-06 12:51:36','2023-05-08 11:28:34'),(49,31,'1st Year','1st Sem','Introduction to Computing','CC 1/L',3,1.50,'2023-05-15 23:54:00','2023-05-08 12:32:42'),(50,32,'1st Year','1st Sem','Introduction to Computing','CC 1/L',3,2.50,'2023-05-25 14:12:57','2023-05-03 04:07:26'),(51,33,'1st Year','1st Sem','Introduction to Computing','CC 1/L',3,2.25,'2023-05-06 11:17:47','2023-05-06 01:49:35'),(52,34,'1st Year','1st Sem','Introduction to Computing','CC 1/L',3,1.50,'2023-05-04 01:06:38','2023-05-26 11:34:09'),(53,35,'1st Year','1st Sem','Introduction to Computing','CC 1/L',3,2.50,'2023-05-09 23:35:46','2023-05-06 05:30:37'),(54,36,'1st Year','1st Sem','Introduction to Computing','CC 1/L',3,2.25,'2023-05-22 18:31:00','2023-05-21 19:39:24'),(55,37,'1st Year','1st Sem','Introduction to Computing','CC 1/L',3,2.25,'2023-05-27 07:32:46','2023-05-28 05:43:31'),(56,38,'1st Year','1st Sem','Introduction to Computing','CC 1/L',3,1.50,'2023-06-02 11:34:35','2023-05-08 15:10:05'),(57,39,'1st Year','1st Sem','Introduction to Computing','CC 1/L',3,2.25,'2023-05-26 03:53:40','2023-05-12 16:11:47'),(58,40,'1st Year','1st Sem','Introduction to Computing','CC 1/L',3,2.75,'2023-05-19 13:41:13','2023-05-06 21:20:19'),(59,41,'1st Year','1st Sem','Introduction to Computing','CC 1/L',3,2.75,'2023-05-07 09:10:31','2023-05-03 21:32:45'),(60,2,'1st Year','2nd Sem','Discrete Mathematics','IT 1',3,1.00,'2023-05-12 05:36:38','2023-05-23 07:17:02'),(61,3,'1st Year','2nd Sem','Discrete Mathematics','IT 1',3,2.75,'2023-05-11 10:03:11','2023-05-22 13:49:14'),(62,4,'1st Year','2nd Sem','Discrete Mathematics','IT 1',3,1.50,'2023-05-30 03:19:39','2023-05-19 16:47:04'),(63,5,'1st Year','2nd Sem','Discrete Mathematics','IT 1',3,2.00,'2023-05-30 10:59:31','2023-05-04 17:42:19'),(64,6,'1st Year','2nd Sem','Discrete Mathematics','IT 1',3,2.00,'2023-05-16 00:46:52','2023-05-19 19:15:57'),(65,7,'1st Year','2nd Sem','Discrete Mathematics','IT 1',3,1.50,'2023-05-22 18:03:52','2023-05-24 05:03:46'),(66,8,'1st Year','2nd Sem','Discrete Mathematics','IT 1',3,2.25,'2023-05-06 02:00:55','2023-05-13 23:47:58'),(67,9,'1st Year','2nd Sem','Discrete Mathematics','IT 1',3,2.25,'2023-05-10 10:18:28','2023-05-20 00:01:11'),(68,10,'1st Year','2nd Sem','Discrete Mathematics','IT 1',3,1.75,'2023-05-26 03:24:25','2023-05-29 15:29:19'),(69,11,'1st Year','2nd Sem','Discrete Mathematics','IT 1',3,1.25,'2023-05-24 05:24:43','2023-05-11 21:58:28'),(70,12,'1st Year','2nd Sem','Discrete Mathematics','IT 1',3,2.00,'2023-05-17 11:33:57','2023-05-25 05:48:52'),(71,13,'1st Year','2nd Sem','Discrete Mathematics','IT 1',3,1.00,'2023-05-20 16:01:00','2023-06-01 10:13:04'),(72,14,'1st Year','2nd Sem','Discrete Mathematics','IT 1',3,1.50,'2023-05-17 00:48:00','2023-05-24 18:57:00'),(73,15,'1st Year','2nd Sem','Discrete Mathematics','IT 1',3,2.75,'2023-05-22 12:45:31','2023-05-14 07:48:46'),(74,16,'1st Year','2nd Sem','Discrete Mathematics','IT 1',3,1.00,'2023-05-10 14:14:48','2023-05-30 00:03:15'),(75,17,'1st Year','2nd Sem','Discrete Mathematics','IT 1',3,1.75,'2023-05-11 05:54:58','2023-05-03 18:39:28'),(76,18,'1st Year','2nd Sem','Discrete Mathematics','IT 1',3,1.50,'2023-05-07 06:54:03','2023-05-17 01:59:46'),(77,19,'1st Year','2nd Sem','Discrete Mathematics','IT 1',3,2.00,'2023-05-30 23:49:49','2023-05-29 19:44:14'),(78,20,'1st Year','2nd Sem','Discrete Mathematics','IT 1',3,2.00,'2023-05-14 00:47:07','2023-05-28 06:54:38'),(79,21,'1st Year','2nd Sem','Discrete Mathematics','IT 1',3,2.25,'2023-05-04 09:06:44','2023-05-04 00:52:23'),(80,22,'1st Year','2nd Sem','Discrete Mathematics','IT 1',3,1.50,'2023-05-12 13:26:51','2023-05-04 16:10:17'),(81,23,'1st Year','2nd Sem','Discrete Mathematics','IT 1',3,2.50,'2023-05-04 13:58:15','2023-05-16 09:39:21'),(82,24,'1st Year','2nd Sem','Discrete Mathematics','IT 1',3,2.50,'2023-05-08 18:10:46','2023-05-04 21:49:44'),(83,25,'1st Year','2nd Sem','Discrete Mathematics','IT 1',3,1.25,'2023-05-03 05:10:58','2023-05-12 04:54:17'),(84,26,'1st Year','2nd Sem','Discrete Mathematics','IT 1',3,1.75,'2023-05-31 22:54:38','2023-05-17 23:09:13'),(85,27,'1st Year','2nd Sem','Discrete Mathematics','IT 1',3,1.75,'2023-05-18 19:05:17','2023-05-06 06:27:58'),(86,28,'1st Year','2nd Sem','Discrete Mathematics','IT 1',3,2.50,'2023-05-31 19:22:08','2023-05-10 05:38:51'),(87,29,'1st Year','2nd Sem','Discrete Mathematics','IT 1',3,1.75,'2023-05-10 10:14:37','2023-05-14 13:47:18'),(88,30,'1st Year','2nd Sem','Discrete Mathematics','IT 1',3,1.00,'2023-05-26 20:36:02','2023-05-04 18:38:07'),(89,31,'1st Year','2nd Sem','Discrete Mathematics','IT 1',3,1.25,'2023-05-23 21:31:32','2023-05-13 03:00:54'),(90,32,'1st Year','2nd Sem','Discrete Mathematics','IT 1',3,2.25,'2023-05-18 19:04:47','2023-05-14 21:59:14'),(91,33,'1st Year','2nd Sem','Discrete Mathematics','IT 1',3,2.00,'2023-05-28 21:01:14','2023-05-15 04:47:37'),(92,34,'1st Year','2nd Sem','Discrete Mathematics','IT 1',3,1.75,'2023-05-04 04:22:19','2023-05-22 20:13:42'),(93,35,'1st Year','2nd Sem','Discrete Mathematics','IT 1',3,1.00,'2023-05-19 14:59:24','2023-05-22 16:12:35'),(94,36,'1st Year','2nd Sem','Discrete Mathematics','IT 1',3,1.25,'2023-05-27 07:13:13','2023-05-26 17:11:36'),(95,37,'1st Year','2nd Sem','Discrete Mathematics','IT 1',3,1.25,'2023-05-26 10:21:23','2023-05-22 00:50:27'),(96,38,'1st Year','2nd Sem','Discrete Mathematics','IT 1',3,2.75,'2023-05-16 11:13:38','2023-05-20 17:31:12'),(97,39,'1st Year','2nd Sem','Discrete Mathematics','IT 1',3,1.00,'2023-05-05 14:45:03','2023-05-20 05:56:54'),(98,40,'1st Year','2nd Sem','Discrete Mathematics','IT 1',3,2.00,'2023-05-06 18:01:16','2023-05-13 15:35:06'),(99,41,'1st Year','2nd Sem','Discrete Mathematics','IT 1',3,1.50,'2023-05-18 17:54:34','2023-05-02 20:33:06'),(100,2,'2nd Year','1st Sem','Graphics and Visual Computing','IT 3/L',3,1.50,'2023-05-31 15:29:09','2023-05-20 20:58:37'),(101,3,'2nd Year','1st Sem','Graphics and Visual Computing','IT 3/L',3,1.75,'2023-05-06 10:55:31','2023-05-08 21:24:01'),(102,4,'2nd Year','1st Sem','Graphics and Visual Computing','IT 3/L',3,2.75,'2023-05-03 08:47:56','2023-05-29 08:01:29'),(103,5,'2nd Year','1st Sem','Graphics and Visual Computing','IT 3/L',3,2.75,'2023-05-04 15:46:17','2023-06-02 07:25:24'),(104,6,'2nd Year','1st Sem','Graphics and Visual Computing','IT 3/L',3,2.50,'2023-05-21 10:18:26','2023-05-16 06:36:48'),(105,7,'2nd Year','1st Sem','Graphics and Visual Computing','IT 3/L',3,2.50,'2023-05-17 21:06:08','2023-05-09 03:42:54'),(106,8,'2nd Year','1st Sem','Graphics and Visual Computing','IT 3/L',3,2.00,'2023-05-11 03:55:34','2023-05-03 23:02:46'),(107,9,'2nd Year','1st Sem','Graphics and Visual Computing','IT 3/L',3,2.50,'2023-05-21 19:58:09','2023-05-13 01:08:37'),(108,10,'2nd Year','1st Sem','Graphics and Visual Computing','IT 3/L',3,2.00,'2023-05-05 10:34:07','2023-05-24 17:17:55'),(109,11,'2nd Year','1st Sem','Graphics and Visual Computing','IT 3/L',3,2.00,'2023-05-03 15:47:36','2023-05-13 01:36:46'),(110,12,'2nd Year','1st Sem','Graphics and Visual Computing','IT 3/L',3,1.00,'2023-05-22 16:22:27','2023-05-30 17:30:13'),(111,13,'2nd Year','1st Sem','Graphics and Visual Computing','IT 3/L',3,1.25,'2023-05-10 14:01:00','2023-05-15 12:11:29'),(112,14,'2nd Year','1st Sem','Graphics and Visual Computing','IT 3/L',3,1.75,'2023-05-27 04:43:24','2023-05-17 13:12:45'),(113,15,'2nd Year','1st Sem','Graphics and Visual Computing','IT 3/L',3,2.75,'2023-05-07 08:36:22','2023-05-26 04:59:47'),(114,16,'2nd Year','1st Sem','Graphics and Visual Computing','IT 3/L',3,1.00,'2023-05-23 20:38:28','2023-05-23 14:03:36'),(115,17,'2nd Year','1st Sem','Graphics and Visual Computing','IT 3/L',3,2.25,'2023-05-10 01:59:30','2023-05-06 18:15:52'),(116,18,'2nd Year','1st Sem','Graphics and Visual Computing','IT 3/L',3,2.25,'2023-05-26 03:41:42','2023-05-19 05:00:30'),(117,19,'2nd Year','1st Sem','Graphics and Visual Computing','IT 3/L',3,2.75,'2023-05-19 11:09:35','2023-05-07 12:59:39'),(118,20,'2nd Year','1st Sem','Graphics and Visual Computing','IT 3/L',3,2.25,'2023-06-02 12:24:46','2023-05-24 07:37:19'),(119,21,'2nd Year','1st Sem','Graphics and Visual Computing','IT 3/L',3,1.75,'2023-05-11 05:50:52','2023-05-22 10:19:47'),(120,22,'2nd Year','1st Sem','Graphics and Visual Computing','IT 3/L',3,1.75,'2023-05-24 15:14:52','2023-05-11 20:03:37'),(121,23,'2nd Year','1st Sem','Graphics and Visual Computing','IT 3/L',3,1.00,'2023-05-15 00:45:17','2023-06-01 23:56:15'),(122,24,'2nd Year','1st Sem','Graphics and Visual Computing','IT 3/L',3,2.50,'2023-05-15 10:19:57','2023-05-20 04:42:13'),(123,25,'2nd Year','1st Sem','Graphics and Visual Computing','IT 3/L',3,2.50,'2023-05-07 05:37:57','2023-05-07 02:56:30'),(124,26,'2nd Year','1st Sem','Graphics and Visual Computing','IT 3/L',3,2.75,'2023-05-27 04:29:12','2023-05-03 12:11:58'),(125,27,'2nd Year','1st Sem','Graphics and Visual Computing','IT 3/L',3,2.50,'2023-05-15 08:25:50','2023-05-22 12:21:10'),(126,28,'2nd Year','1st Sem','Graphics and Visual Computing','IT 3/L',3,2.50,'2023-05-27 16:44:25','2023-05-16 06:33:12'),(127,29,'2nd Year','1st Sem','Graphics and Visual Computing','IT 3/L',3,1.25,'2023-05-13 03:09:37','2023-06-02 04:54:28'),(128,30,'2nd Year','1st Sem','Graphics and Visual Computing','IT 3/L',3,2.25,'2023-05-27 01:25:00','2023-05-14 20:13:35'),(129,31,'2nd Year','1st Sem','Graphics and Visual Computing','IT 3/L',3,1.25,'2023-05-21 04:45:35','2023-05-26 09:29:48'),(130,32,'2nd Year','1st Sem','Graphics and Visual Computing','IT 3/L',3,1.25,'2023-05-20 16:12:26','2023-05-07 13:43:06'),(131,33,'2nd Year','1st Sem','Graphics and Visual Computing','IT 3/L',3,1.50,'2023-05-29 00:51:14','2023-05-30 23:56:25'),(132,34,'2nd Year','1st Sem','Graphics and Visual Computing','IT 3/L',3,1.25,'2023-05-05 23:46:28','2023-06-02 14:48:26'),(133,35,'2nd Year','1st Sem','Graphics and Visual Computing','IT 3/L',3,2.00,'2023-05-03 11:18:40','2023-05-10 09:10:52'),(134,36,'2nd Year','1st Sem','Graphics and Visual Computing','IT 3/L',3,2.00,'2023-05-19 15:19:24','2023-05-28 18:44:11'),(135,37,'2nd Year','1st Sem','Graphics and Visual Computing','IT 3/L',3,2.00,'2023-05-18 23:52:57','2023-06-03 04:03:48'),(136,38,'2nd Year','1st Sem','Graphics and Visual Computing','IT 3/L',3,2.75,'2023-05-18 23:19:09','2023-05-06 20:54:14'),(137,39,'2nd Year','1st Sem','Graphics and Visual Computing','IT 3/L',3,2.50,'2023-05-28 05:35:49','2023-05-06 00:58:04'),(138,40,'2nd Year','1st Sem','Graphics and Visual Computing','IT 3/L',3,2.00,'2023-05-28 21:45:05','2023-05-12 22:55:34'),(139,41,'2nd Year','1st Sem','Graphics and Visual Computing','IT 3/L',3,2.50,'2023-05-14 12:45:13','2023-05-19 08:16:54'),(140,2,'2nd Year','2nd Sem','Information Management','CC 5/L',3,2.25,'2023-05-14 03:57:11','2023-05-20 23:52:57'),(141,3,'2nd Year','2nd Sem','Information Management','CC 5/L',3,1.25,'2023-05-04 21:12:49','2023-05-11 13:35:00'),(142,4,'2nd Year','2nd Sem','Information Management','CC 5/L',3,2.25,'2023-05-09 23:41:10','2023-05-15 21:49:10'),(143,5,'2nd Year','2nd Sem','Information Management','CC 5/L',3,2.00,'2023-05-21 19:53:07','2023-05-23 01:49:36'),(144,6,'2nd Year','2nd Sem','Information Management','CC 5/L',3,1.00,'2023-05-17 17:30:55','2023-05-07 23:41:16'),(145,7,'2nd Year','2nd Sem','Information Management','CC 5/L',3,2.75,'2023-06-02 23:24:25','2023-05-13 14:54:49'),(146,8,'2nd Year','2nd Sem','Information Management','CC 5/L',3,2.75,'2023-05-20 20:05:21','2023-05-04 06:06:09'),(147,9,'2nd Year','2nd Sem','Information Management','CC 5/L',3,1.50,'2023-05-27 15:27:57','2023-05-12 08:43:44'),(148,10,'2nd Year','2nd Sem','Information Management','CC 5/L',3,1.50,'2023-05-12 08:25:43','2023-05-06 23:39:29'),(149,11,'2nd Year','2nd Sem','Information Management','CC 5/L',3,1.25,'2023-05-13 18:20:53','2023-05-06 19:39:50'),(150,12,'2nd Year','2nd Sem','Information Management','CC 5/L',3,2.00,'2023-05-13 15:28:50','2023-05-26 00:35:36'),(151,13,'2nd Year','2nd Sem','Information Management','CC 5/L',3,1.75,'2023-05-24 02:18:25','2023-05-27 02:34:29'),(152,14,'2nd Year','2nd Sem','Information Management','CC 5/L',3,1.00,'2023-05-09 13:30:57','2023-05-22 11:38:18'),(153,15,'2nd Year','2nd Sem','Information Management','CC 5/L',3,1.50,'2023-05-21 17:30:06','2023-05-05 21:27:38'),(154,16,'2nd Year','2nd Sem','Information Management','CC 5/L',3,1.25,'2023-05-08 16:13:35','2023-05-17 13:55:02'),(155,17,'2nd Year','2nd Sem','Information Management','CC 5/L',3,1.75,'2023-05-04 06:13:17','2023-05-17 16:07:03'),(156,18,'2nd Year','2nd Sem','Information Management','CC 5/L',3,1.75,'2023-05-03 17:09:03','2023-05-11 20:03:25'),(157,19,'2nd Year','2nd Sem','Information Management','CC 5/L',3,1.75,'2023-05-16 12:52:41','2023-05-15 00:53:03'),(158,20,'2nd Year','2nd Sem','Information Management','CC 5/L',3,1.75,'2023-05-11 04:20:40','2023-05-15 11:27:11'),(159,21,'2nd Year','2nd Sem','Information Management','CC 5/L',3,2.75,'2023-05-10 07:08:34','2023-05-06 03:45:41'),(160,22,'2nd Year','2nd Sem','Information Management','CC 5/L',3,2.75,'2023-05-10 23:44:52','2023-05-12 06:43:38'),(161,23,'2nd Year','2nd Sem','Information Management','CC 5/L',3,1.75,'2023-05-16 04:04:11','2023-05-21 07:16:14'),(162,24,'2nd Year','2nd Sem','Information Management','CC 5/L',3,2.50,'2023-05-24 07:37:21','2023-05-14 05:43:30'),(163,25,'2nd Year','2nd Sem','Information Management','CC 5/L',3,2.75,'2023-05-23 08:39:47','2023-05-21 08:11:14'),(164,26,'2nd Year','2nd Sem','Information Management','CC 5/L',3,2.50,'2023-05-15 02:12:16','2023-05-10 10:13:13'),(165,27,'2nd Year','2nd Sem','Information Management','CC 5/L',3,1.75,'2023-05-20 01:23:28','2023-05-06 18:26:49'),(166,28,'2nd Year','2nd Sem','Information Management','CC 5/L',3,1.50,'2023-05-22 19:19:05','2023-05-30 14:31:09'),(167,29,'2nd Year','2nd Sem','Information Management','CC 5/L',3,1.50,'2023-05-04 15:37:23','2023-05-14 14:20:54'),(168,30,'2nd Year','2nd Sem','Information Management','CC 5/L',3,1.75,'2023-06-01 06:08:32','2023-05-24 00:40:36'),(169,31,'2nd Year','2nd Sem','Information Management','CC 5/L',3,2.00,'2023-05-13 09:06:49','2023-05-17 01:39:30'),(170,32,'2nd Year','2nd Sem','Information Management','CC 5/L',3,1.00,'2023-05-17 21:01:31','2023-05-16 16:43:10'),(171,33,'2nd Year','2nd Sem','Information Management','CC 5/L',3,1.50,'2023-05-28 10:56:51','2023-05-31 07:05:22'),(172,34,'2nd Year','2nd Sem','Information Management','CC 5/L',3,2.50,'2023-05-12 12:37:39','2023-05-18 18:41:50'),(173,35,'2nd Year','2nd Sem','Information Management','CC 5/L',3,1.75,'2023-05-14 04:17:48','2023-06-01 02:42:45'),(174,36,'2nd Year','2nd Sem','Information Management','CC 5/L',3,1.50,'2023-05-31 06:59:19','2023-05-09 10:57:38'),(175,37,'2nd Year','2nd Sem','Information Management','CC 5/L',3,1.75,'2023-05-08 02:42:38','2023-05-11 17:14:59'),(176,38,'2nd Year','2nd Sem','Information Management','CC 5/L',3,2.75,'2023-05-31 03:39:19','2023-06-01 13:19:41'),(177,39,'2nd Year','2nd Sem','Information Management','CC 5/L',3,1.50,'2023-05-21 11:36:21','2023-05-29 17:54:31'),(178,40,'2nd Year','2nd Sem','Information Management','CC 5/L',3,1.75,'2023-06-01 00:12:36','2023-05-18 07:09:16'),(179,41,'2nd Year','2nd Sem','Information Management','CC 5/L',3,2.25,'2023-05-04 05:55:38','2023-05-06 02:26:17'),(180,2,'3rd Year','1st Sem','Advance Database System','IT 8/L',3,2.50,'2023-05-24 14:30:43','2023-05-28 16:45:09'),(181,3,'3rd Year','1st Sem','Advance Database System','IT 8/L',3,2.25,'2023-05-21 09:05:23','2023-05-10 12:44:07'),(182,4,'3rd Year','1st Sem','Advance Database System','IT 8/L',3,2.25,'2023-05-28 13:40:25','2023-05-06 21:18:11'),(183,5,'3rd Year','1st Sem','Advance Database System','IT 8/L',3,2.75,'2023-05-17 18:07:03','2023-05-28 18:25:43'),(184,6,'3rd Year','1st Sem','Advance Database System','IT 8/L',3,2.00,'2023-05-07 03:15:24','2023-05-21 12:40:24'),(185,7,'3rd Year','1st Sem','Advance Database System','IT 8/L',3,2.75,'2023-06-01 07:02:58','2023-05-25 11:33:15'),(186,8,'3rd Year','1st Sem','Advance Database System','IT 8/L',3,1.25,'2023-05-13 07:28:35','2023-05-06 02:52:40'),(187,9,'3rd Year','1st Sem','Advance Database System','IT 8/L',3,1.75,'2023-05-16 08:11:33','2023-06-02 17:24:13'),(188,10,'3rd Year','1st Sem','Advance Database System','IT 8/L',3,2.50,'2023-05-23 18:00:41','2023-05-04 06:41:16'),(189,11,'3rd Year','1st Sem','Advance Database System','IT 8/L',3,2.50,'2023-06-02 11:39:54','2023-05-12 09:15:03'),(190,12,'3rd Year','1st Sem','Advance Database System','IT 8/L',3,1.00,'2023-05-28 23:12:50','2023-05-20 19:45:00'),(191,13,'3rd Year','1st Sem','Advance Database System','IT 8/L',3,2.25,'2023-05-05 20:32:26','2023-05-08 11:05:37'),(192,14,'3rd Year','1st Sem','Advance Database System','IT 8/L',3,2.75,'2023-05-27 15:25:19','2023-05-06 09:52:14'),(193,15,'3rd Year','1st Sem','Advance Database System','IT 8/L',3,2.75,'2023-05-05 16:51:46','2023-05-30 01:10:40'),(194,16,'3rd Year','1st Sem','Advance Database System','IT 8/L',3,1.75,'2023-05-19 04:19:59','2023-06-02 18:58:33'),(195,17,'3rd Year','1st Sem','Advance Database System','IT 8/L',3,2.25,'2023-05-04 04:01:06','2023-05-30 14:38:56'),(196,18,'3rd Year','1st Sem','Advance Database System','IT 8/L',3,2.00,'2023-05-08 23:29:26','2023-05-04 06:05:58'),(197,19,'3rd Year','1st Sem','Advance Database System','IT 8/L',3,1.25,'2023-05-27 20:32:31','2023-05-10 17:05:30'),(198,20,'3rd Year','1st Sem','Advance Database System','IT 8/L',3,2.50,'2023-05-06 16:13:38','2023-05-22 06:01:10'),(199,21,'3rd Year','1st Sem','Advance Database System','IT 8/L',3,2.25,'2023-05-14 20:58:06','2023-05-18 20:52:59'),(200,22,'3rd Year','1st Sem','Advance Database System','IT 8/L',3,1.00,'2023-06-02 08:09:29','2023-05-04 09:15:49'),(201,23,'3rd Year','1st Sem','Advance Database System','IT 8/L',3,1.00,'2023-05-09 09:57:05','2023-05-10 14:39:25'),(202,24,'3rd Year','1st Sem','Advance Database System','IT 8/L',3,2.25,'2023-05-15 02:33:05','2023-05-18 12:17:35'),(203,25,'3rd Year','1st Sem','Advance Database System','IT 8/L',3,1.25,'2023-06-02 02:29:01','2023-05-28 05:47:22'),(204,26,'3rd Year','1st Sem','Advance Database System','IT 8/L',3,2.75,'2023-05-13 12:29:10','2023-05-28 10:35:43'),(205,27,'3rd Year','1st Sem','Advance Database System','IT 8/L',3,1.00,'2023-05-20 02:18:25','2023-05-14 23:32:47'),(206,28,'3rd Year','1st Sem','Advance Database System','IT 8/L',3,1.00,'2023-06-02 06:38:09','2023-05-19 06:51:44'),(207,29,'3rd Year','1st Sem','Advance Database System','IT 8/L',3,2.00,'2023-05-30 15:16:38','2023-05-06 15:01:07'),(208,30,'3rd Year','1st Sem','Advance Database System','IT 8/L',3,1.00,'2023-05-20 23:12:59','2023-05-11 13:59:54'),(209,31,'3rd Year','1st Sem','Advance Database System','IT 8/L',3,1.50,'2023-05-03 21:31:07','2023-05-22 22:06:55'),(210,32,'3rd Year','1st Sem','Advance Database System','IT 8/L',3,1.75,'2023-05-31 13:24:01','2023-05-17 08:47:38'),(211,33,'3rd Year','1st Sem','Advance Database System','IT 8/L',3,1.25,'2023-05-09 04:10:08','2023-05-23 23:06:37'),(212,34,'3rd Year','1st Sem','Advance Database System','IT 8/L',3,1.75,'2023-05-20 06:33:39','2023-05-22 19:48:57'),(213,35,'3rd Year','1st Sem','Advance Database System','IT 8/L',3,1.25,'2023-05-12 07:30:02','2023-05-12 09:12:02'),(214,36,'3rd Year','1st Sem','Advance Database System','IT 8/L',3,2.75,'2023-05-23 15:52:19','2023-05-28 19:27:17'),(215,37,'3rd Year','1st Sem','Advance Database System','IT 8/L',3,2.75,'2023-05-05 13:11:23','2023-05-16 12:05:08'),(216,38,'3rd Year','1st Sem','Advance Database System','IT 8/L',3,2.75,'2023-05-29 02:06:23','2023-05-25 17:19:07'),(217,39,'3rd Year','1st Sem','Advance Database System','IT 8/L',3,2.50,'2023-05-14 13:08:49','2023-05-29 07:59:21'),(218,40,'3rd Year','1st Sem','Advance Database System','IT 8/L',3,2.75,'2023-05-12 00:41:26','2023-05-05 11:03:31'),(219,41,'3rd Year','1st Sem','Advance Database System','IT 8/L',3,2.25,'2023-05-09 20:38:30','2023-05-13 13:55:19'),(220,2,'3rd Year','2nd Sem','Mulimedia Systems','IT 12/L',3,1.25,'2023-06-03 05:16:41','2023-05-29 08:03:49'),(221,3,'3rd Year','2nd Sem','Mulimedia Systems','IT 12/L',3,1.50,'2023-05-27 14:53:05','2023-05-15 07:26:48'),(222,4,'3rd Year','2nd Sem','Mulimedia Systems','IT 12/L',3,2.50,'2023-05-29 08:43:53','2023-05-06 17:36:16'),(223,5,'3rd Year','2nd Sem','Mulimedia Systems','IT 12/L',3,1.75,'2023-05-14 12:25:34','2023-05-07 17:31:51'),(224,6,'3rd Year','2nd Sem','Mulimedia Systems','IT 12/L',3,2.25,'2023-05-05 04:00:00','2023-05-16 15:02:15'),(225,7,'3rd Year','2nd Sem','Mulimedia Systems','IT 12/L',3,1.50,'2023-05-07 19:11:39','2023-06-01 15:05:20'),(226,8,'3rd Year','2nd Sem','Mulimedia Systems','IT 12/L',3,1.50,'2023-05-12 14:08:28','2023-05-28 08:17:50'),(227,9,'3rd Year','2nd Sem','Mulimedia Systems','IT 12/L',3,1.25,'2023-05-05 06:13:53','2023-05-03 07:51:33'),(228,10,'3rd Year','2nd Sem','Mulimedia Systems','IT 12/L',3,1.75,'2023-05-26 00:03:25','2023-05-04 00:10:02'),(229,11,'3rd Year','2nd Sem','Mulimedia Systems','IT 12/L',3,1.75,'2023-05-31 04:10:47','2023-05-05 18:43:55'),(230,12,'3rd Year','2nd Sem','Mulimedia Systems','IT 12/L',3,1.00,'2023-05-22 01:02:53','2023-05-28 22:22:35'),(231,13,'3rd Year','2nd Sem','Mulimedia Systems','IT 12/L',3,2.75,'2023-05-06 13:19:30','2023-05-13 05:45:00'),(232,14,'3rd Year','2nd Sem','Mulimedia Systems','IT 12/L',3,1.50,'2023-05-24 16:07:12','2023-05-11 11:15:46'),(233,15,'3rd Year','2nd Sem','Mulimedia Systems','IT 12/L',3,2.75,'2023-05-22 05:15:04','2023-05-30 02:48:12'),(234,16,'3rd Year','2nd Sem','Mulimedia Systems','IT 12/L',3,1.00,'2023-05-21 07:33:47','2023-05-23 18:38:02'),(235,17,'3rd Year','2nd Sem','Mulimedia Systems','IT 12/L',3,2.00,'2023-05-11 14:55:45','2023-05-22 22:02:35'),(236,18,'3rd Year','2nd Sem','Mulimedia Systems','IT 12/L',3,1.50,'2023-05-29 01:36:49','2023-05-19 15:18:08'),(237,19,'3rd Year','2nd Sem','Mulimedia Systems','IT 12/L',3,1.50,'2023-05-12 14:01:47','2023-05-24 18:30:18'),(238,20,'3rd Year','2nd Sem','Mulimedia Systems','IT 12/L',3,1.00,'2023-05-30 06:08:56','2023-05-04 09:12:31'),(239,21,'3rd Year','2nd Sem','Mulimedia Systems','IT 12/L',3,1.25,'2023-05-25 22:11:11','2023-05-17 02:52:13'),(240,22,'3rd Year','2nd Sem','Mulimedia Systems','IT 12/L',3,2.50,'2023-05-10 16:40:01','2023-05-19 13:36:35'),(241,23,'3rd Year','2nd Sem','Mulimedia Systems','IT 12/L',3,1.50,'2023-05-18 22:50:23','2023-05-09 18:29:00'),(242,24,'3rd Year','2nd Sem','Mulimedia Systems','IT 12/L',3,1.50,'2023-05-06 03:06:10','2023-05-09 21:18:02'),(243,25,'3rd Year','2nd Sem','Mulimedia Systems','IT 12/L',3,2.75,'2023-05-12 06:43:07','2023-05-09 13:38:42'),(244,26,'3rd Year','2nd Sem','Mulimedia Systems','IT 12/L',3,2.75,'2023-05-15 22:43:47','2023-05-30 04:51:59'),(245,27,'3rd Year','2nd Sem','Mulimedia Systems','IT 12/L',3,2.00,'2023-05-25 11:12:46','2023-05-18 23:32:38'),(246,28,'3rd Year','2nd Sem','Mulimedia Systems','IT 12/L',3,1.50,'2023-05-16 18:49:01','2023-05-24 04:55:42'),(247,29,'3rd Year','2nd Sem','Mulimedia Systems','IT 12/L',3,1.75,'2023-05-22 10:13:10','2023-05-25 18:26:34'),(248,30,'3rd Year','2nd Sem','Mulimedia Systems','IT 12/L',3,1.25,'2023-06-02 12:34:23','2023-05-06 02:54:00'),(249,31,'3rd Year','2nd Sem','Mulimedia Systems','IT 12/L',3,2.00,'2023-06-01 13:34:26','2023-05-19 04:19:36'),(250,32,'3rd Year','2nd Sem','Mulimedia Systems','IT 12/L',3,2.75,'2023-05-17 05:33:04','2023-05-03 12:53:46'),(251,33,'3rd Year','2nd Sem','Mulimedia Systems','IT 12/L',3,2.75,'2023-05-08 00:45:52','2023-05-12 05:02:39'),(252,34,'3rd Year','2nd Sem','Mulimedia Systems','IT 12/L',3,2.50,'2023-05-23 11:19:01','2023-05-20 11:56:18'),(253,35,'3rd Year','2nd Sem','Mulimedia Systems','IT 12/L',3,2.25,'2023-05-13 23:41:39','2023-05-05 13:56:45'),(254,36,'3rd Year','2nd Sem','Mulimedia Systems','IT 12/L',3,1.25,'2023-05-19 22:59:55','2023-05-05 23:45:50'),(255,37,'3rd Year','2nd Sem','Mulimedia Systems','IT 12/L',3,2.75,'2023-05-15 14:08:59','2023-05-09 09:54:42'),(256,38,'3rd Year','2nd Sem','Mulimedia Systems','IT 12/L',3,2.50,'2023-05-30 17:57:19','2023-05-17 09:11:15'),(257,39,'3rd Year','2nd Sem','Mulimedia Systems','IT 12/L',3,1.00,'2023-05-28 04:53:41','2023-05-17 03:46:32'),(258,40,'3rd Year','2nd Sem','Mulimedia Systems','IT 12/L',3,2.00,'2023-05-10 18:33:54','2023-05-15 04:05:52'),(259,41,'3rd Year','2nd Sem','Mulimedia Systems','IT 12/L',3,2.50,'2023-05-28 01:13:01','2023-05-28 10:33:05'),(260,2,'2nd Year','1st Sem','Data Structures and Algorithm','CC 4/L',3,1.75,'2023-05-14 09:42:57','2023-05-27 20:11:16'),(261,3,'2nd Year','1st Sem','Data Structures and Algorithm','CC 4/L',3,1.50,'2023-05-30 23:21:00','2023-05-22 14:27:01'),(262,4,'2nd Year','1st Sem','Data Structures and Algorithm','CC 4/L',3,2.00,'2023-05-26 12:49:55','2023-05-03 11:05:20'),(263,5,'2nd Year','1st Sem','Data Structures and Algorithm','CC 4/L',3,1.50,'2023-05-24 23:33:42','2023-05-09 21:35:45'),(264,6,'2nd Year','1st Sem','Data Structures and Algorithm','CC 4/L',3,1.75,'2023-05-25 15:11:55','2023-05-28 19:00:32'),(265,7,'2nd Year','1st Sem','Data Structures and Algorithm','CC 4/L',3,2.25,'2023-05-24 15:35:12','2023-05-21 01:42:00'),(266,8,'2nd Year','1st Sem','Data Structures and Algorithm','CC 4/L',3,2.25,'2023-05-12 07:15:53','2023-05-21 17:27:16'),(267,9,'2nd Year','1st Sem','Data Structures and Algorithm','CC 4/L',3,1.25,'2023-05-22 15:17:30','2023-05-31 20:30:30'),(268,10,'2nd Year','1st Sem','Data Structures and Algorithm','CC 4/L',3,1.25,'2023-05-22 14:55:19','2023-05-26 13:05:32'),(269,11,'2nd Year','1st Sem','Data Structures and Algorithm','CC 4/L',3,2.25,'2023-05-26 18:48:59','2023-05-19 01:14:04'),(270,12,'2nd Year','1st Sem','Data Structures and Algorithm','CC 4/L',3,1.25,'2023-05-26 20:27:20','2023-05-18 17:14:00'),(271,13,'2nd Year','1st Sem','Data Structures and Algorithm','CC 4/L',3,1.25,'2023-05-08 19:05:23','2023-05-14 19:27:30'),(272,14,'2nd Year','1st Sem','Data Structures and Algorithm','CC 4/L',3,1.50,'2023-05-30 13:50:18','2023-05-17 04:06:43'),(273,15,'2nd Year','1st Sem','Data Structures and Algorithm','CC 4/L',3,1.00,'2023-05-23 06:24:48','2023-05-25 11:29:46'),(274,16,'2nd Year','1st Sem','Data Structures and Algorithm','CC 4/L',3,2.25,'2023-06-02 20:15:38','2023-05-25 12:38:34'),(275,17,'2nd Year','1st Sem','Data Structures and Algorithm','CC 4/L',3,2.25,'2023-05-18 16:56:24','2023-05-15 02:24:39'),(276,18,'2nd Year','1st Sem','Data Structures and Algorithm','CC 4/L',3,2.50,'2023-05-17 02:43:30','2023-05-05 13:21:42'),(277,19,'2nd Year','1st Sem','Data Structures and Algorithm','CC 4/L',3,2.25,'2023-05-27 10:04:53','2023-05-19 07:52:02'),(278,20,'2nd Year','1st Sem','Data Structures and Algorithm','CC 4/L',3,1.75,'2023-05-30 07:13:56','2023-05-04 13:00:20'),(279,21,'2nd Year','1st Sem','Data Structures and Algorithm','CC 4/L',3,2.00,'2023-05-28 09:55:00','2023-05-27 06:01:56'),(280,22,'2nd Year','1st Sem','Data Structures and Algorithm','CC 4/L',3,2.50,'2023-05-22 04:56:56','2023-05-10 08:58:05'),(281,23,'2nd Year','1st Sem','Data Structures and Algorithm','CC 4/L',3,2.00,'2023-05-06 22:54:49','2023-05-14 03:47:21'),(282,24,'2nd Year','1st Sem','Data Structures and Algorithm','CC 4/L',3,2.75,'2023-05-07 14:34:36','2023-05-29 14:34:54'),(283,25,'2nd Year','1st Sem','Data Structures and Algorithm','CC 4/L',3,2.75,'2023-05-31 14:24:29','2023-05-25 10:16:03'),(284,26,'2nd Year','1st Sem','Data Structures and Algorithm','CC 4/L',3,1.25,'2023-05-13 13:16:37','2023-05-23 05:40:44'),(285,27,'2nd Year','1st Sem','Data Structures and Algorithm','CC 4/L',3,1.00,'2023-06-01 15:28:01','2023-05-13 20:17:45'),(286,28,'2nd Year','1st Sem','Data Structures and Algorithm','CC 4/L',3,2.75,'2023-06-02 14:34:59','2023-05-09 22:41:10'),(287,29,'2nd Year','1st Sem','Data Structures and Algorithm','CC 4/L',3,2.75,'2023-05-11 11:31:21','2023-05-24 21:29:12'),(288,30,'2nd Year','1st Sem','Data Structures and Algorithm','CC 4/L',3,1.50,'2023-05-06 03:27:41','2023-05-23 15:49:57'),(289,31,'2nd Year','1st Sem','Data Structures and Algorithm','CC 4/L',3,2.50,'2023-05-21 23:25:40','2023-06-02 20:39:25'),(290,32,'2nd Year','1st Sem','Data Structures and Algorithm','CC 4/L',3,2.25,'2023-05-19 08:46:50','2023-05-09 12:14:25'),(291,33,'2nd Year','1st Sem','Data Structures and Algorithm','CC 4/L',3,2.00,'2023-05-09 21:57:11','2023-05-22 13:35:47'),(292,34,'2nd Year','1st Sem','Data Structures and Algorithm','CC 4/L',3,1.50,'2023-05-05 02:08:02','2023-05-21 21:53:18'),(293,35,'2nd Year','1st Sem','Data Structures and Algorithm','CC 4/L',3,2.00,'2023-05-06 07:34:58','2023-05-26 17:36:34'),(294,36,'2nd Year','1st Sem','Data Structures and Algorithm','CC 4/L',3,2.25,'2023-05-26 01:15:12','2023-05-19 17:29:17'),(295,37,'2nd Year','1st Sem','Data Structures and Algorithm','CC 4/L',3,2.00,'2023-05-14 12:46:19','2023-05-15 10:25:47'),(296,38,'2nd Year','1st Sem','Data Structures and Algorithm','CC 4/L',3,1.50,'2023-05-22 01:00:00','2023-05-31 03:26:01'),(297,39,'2nd Year','1st Sem','Data Structures and Algorithm','CC 4/L',3,1.00,'2023-05-17 21:02:58','2023-05-10 09:15:35'),(298,40,'2nd Year','1st Sem','Data Structures and Algorithm','CC 4/L',3,2.00,'2023-05-19 17:09:41','2023-05-07 14:03:07'),(299,41,'2nd Year','1st Sem','Data Structures and Algorithm','CC 4/L',3,2.75,'2023-05-18 19:50:31','2023-05-09 09:42:04'),(300,2,'2nd Year','2nd Sem','Integrative Programming','IT 6/L',3,1.25,'2023-05-10 15:20:56','2023-05-10 12:20:18'),(301,3,'2nd Year','2nd Sem','Integrative Programming','IT 6/L',3,2.50,'2023-05-31 02:47:05','2023-05-23 09:50:30'),(302,4,'2nd Year','2nd Sem','Integrative Programming','IT 6/L',3,2.00,'2023-05-04 12:14:15','2023-06-01 02:42:56'),(303,5,'2nd Year','2nd Sem','Integrative Programming','IT 6/L',3,1.00,'2023-05-18 20:57:11','2023-05-12 05:34:40'),(304,6,'2nd Year','2nd Sem','Integrative Programming','IT 6/L',3,1.25,'2023-05-25 00:38:28','2023-05-23 18:09:28'),(305,7,'2nd Year','2nd Sem','Integrative Programming','IT 6/L',3,1.25,'2023-05-09 02:35:01','2023-05-11 09:24:18'),(306,8,'2nd Year','2nd Sem','Integrative Programming','IT 6/L',3,2.25,'2023-05-12 08:10:49','2023-05-23 04:06:35'),(307,9,'2nd Year','2nd Sem','Integrative Programming','IT 6/L',3,2.50,'2023-05-14 13:36:44','2023-05-14 11:05:17'),(308,10,'2nd Year','2nd Sem','Integrative Programming','IT 6/L',3,2.00,'2023-05-12 15:02:37','2023-05-17 03:49:42'),(309,11,'2nd Year','2nd Sem','Integrative Programming','IT 6/L',3,1.75,'2023-05-30 20:09:31','2023-05-29 13:36:24'),(310,12,'2nd Year','2nd Sem','Integrative Programming','IT 6/L',3,2.25,'2023-05-19 12:44:56','2023-05-08 15:47:00'),(311,13,'2nd Year','2nd Sem','Integrative Programming','IT 6/L',3,2.50,'2023-05-20 06:22:10','2023-05-21 22:24:58'),(312,14,'2nd Year','2nd Sem','Integrative Programming','IT 6/L',3,2.00,'2023-05-04 01:53:30','2023-05-05 15:30:18'),(313,15,'2nd Year','2nd Sem','Integrative Programming','IT 6/L',3,1.50,'2023-05-12 09:31:49','2023-05-24 09:45:26'),(314,16,'2nd Year','2nd Sem','Integrative Programming','IT 6/L',3,2.00,'2023-05-24 08:13:46','2023-05-22 23:05:58'),(315,17,'2nd Year','2nd Sem','Integrative Programming','IT 6/L',3,1.75,'2023-05-19 16:45:21','2023-05-08 22:48:31'),(316,18,'2nd Year','2nd Sem','Integrative Programming','IT 6/L',3,2.50,'2023-05-18 09:50:09','2023-06-01 02:25:45'),(317,19,'2nd Year','2nd Sem','Integrative Programming','IT 6/L',3,2.75,'2023-05-25 11:04:18','2023-05-05 04:38:57'),(318,20,'2nd Year','2nd Sem','Integrative Programming','IT 6/L',3,1.50,'2023-05-31 05:44:16','2023-05-30 08:11:56'),(319,21,'2nd Year','2nd Sem','Integrative Programming','IT 6/L',3,1.50,'2023-05-28 18:21:44','2023-05-06 01:22:28'),(320,22,'2nd Year','2nd Sem','Integrative Programming','IT 6/L',3,1.50,'2023-05-13 01:14:57','2023-05-30 20:38:10'),(321,23,'2nd Year','2nd Sem','Integrative Programming','IT 6/L',3,1.75,'2023-05-25 13:23:41','2023-05-16 15:20:53'),(322,24,'2nd Year','2nd Sem','Integrative Programming','IT 6/L',3,1.50,'2023-05-07 17:14:02','2023-05-10 23:40:23'),(323,25,'2nd Year','2nd Sem','Integrative Programming','IT 6/L',3,1.00,'2023-05-15 23:59:48','2023-05-14 08:03:47'),(324,26,'2nd Year','2nd Sem','Integrative Programming','IT 6/L',3,1.25,'2023-05-05 02:06:41','2023-05-13 13:54:06'),(325,27,'2nd Year','2nd Sem','Integrative Programming','IT 6/L',3,1.75,'2023-05-18 16:43:30','2023-05-16 20:25:34'),(326,28,'2nd Year','2nd Sem','Integrative Programming','IT 6/L',3,2.25,'2023-06-01 20:45:29','2023-05-17 13:57:12'),(327,29,'2nd Year','2nd Sem','Integrative Programming','IT 6/L',3,1.50,'2023-05-22 02:17:19','2023-05-31 03:56:29'),(328,30,'2nd Year','2nd Sem','Integrative Programming','IT 6/L',3,1.50,'2023-05-29 14:16:59','2023-05-08 12:30:00'),(329,31,'2nd Year','2nd Sem','Integrative Programming','IT 6/L',3,1.25,'2023-05-04 12:19:09','2023-05-17 08:49:48'),(330,32,'2nd Year','2nd Sem','Integrative Programming','IT 6/L',3,1.00,'2023-05-07 16:37:17','2023-05-03 15:11:00'),(331,33,'2nd Year','2nd Sem','Integrative Programming','IT 6/L',3,1.50,'2023-05-13 11:28:25','2023-05-07 01:31:13'),(332,34,'2nd Year','2nd Sem','Integrative Programming','IT 6/L',3,1.00,'2023-05-21 15:37:58','2023-05-04 22:40:20'),(333,35,'2nd Year','2nd Sem','Integrative Programming','IT 6/L',3,1.00,'2023-05-07 00:09:47','2023-05-28 02:14:19'),(334,36,'2nd Year','2nd Sem','Integrative Programming','IT 6/L',3,1.00,'2023-05-16 07:36:00','2023-05-09 09:27:59'),(335,37,'2nd Year','2nd Sem','Integrative Programming','IT 6/L',3,1.25,'2023-05-16 21:21:42','2023-06-01 15:35:55'),(336,38,'2nd Year','2nd Sem','Integrative Programming','IT 6/L',3,1.25,'2023-05-31 18:14:37','2023-05-18 14:48:28'),(337,39,'2nd Year','2nd Sem','Integrative Programming','IT 6/L',3,2.75,'2023-05-09 04:23:29','2023-05-04 05:30:07'),(338,40,'2nd Year','2nd Sem','Integrative Programming','IT 6/L',3,2.25,'2023-05-03 13:41:48','2023-05-14 11:36:24'),(339,41,'2nd Year','2nd Sem','Integrative Programming','IT 6/L',3,1.75,'2023-05-13 20:03:12','2023-05-09 19:50:16'),(340,2,'3rd Year','1st Sem','Information Assurance Security','IT 10/L',3,1.75,'2023-05-18 02:23:48','2023-05-14 22:53:37'),(341,3,'3rd Year','1st Sem','Information Assurance Security','IT 10/L',3,2.50,'2023-05-15 00:23:20','2023-06-01 08:53:08'),(342,4,'3rd Year','1st Sem','Information Assurance Security','IT 10/L',3,2.50,'2023-05-20 13:32:25','2023-05-07 00:24:51'),(343,5,'3rd Year','1st Sem','Information Assurance Security','IT 10/L',3,1.25,'2023-05-23 13:57:58','2023-05-08 12:55:58'),(344,6,'3rd Year','1st Sem','Information Assurance Security','IT 10/L',3,1.00,'2023-06-02 05:20:18','2023-05-10 18:13:25'),(345,7,'3rd Year','1st Sem','Information Assurance Security','IT 10/L',3,2.00,'2023-05-12 10:58:27','2023-05-28 10:08:55'),(346,8,'3rd Year','1st Sem','Information Assurance Security','IT 10/L',3,1.50,'2023-05-06 06:56:58','2023-05-24 08:38:13'),(347,9,'3rd Year','1st Sem','Information Assurance Security','IT 10/L',3,2.50,'2023-05-17 04:46:54','2023-06-02 01:28:11'),(348,10,'3rd Year','1st Sem','Information Assurance Security','IT 10/L',3,2.00,'2023-05-22 18:46:18','2023-05-14 22:44:30'),(349,11,'3rd Year','1st Sem','Information Assurance Security','IT 10/L',3,1.50,'2023-05-27 22:58:00','2023-05-11 18:03:03'),(350,12,'3rd Year','1st Sem','Information Assurance Security','IT 10/L',3,1.25,'2023-05-22 22:57:05','2023-05-18 09:11:39'),(351,13,'3rd Year','1st Sem','Information Assurance Security','IT 10/L',3,2.50,'2023-05-16 20:05:38','2023-05-18 20:18:45'),(352,14,'3rd Year','1st Sem','Information Assurance Security','IT 10/L',3,2.50,'2023-05-14 17:29:41','2023-05-16 03:14:19'),(353,15,'3rd Year','1st Sem','Information Assurance Security','IT 10/L',3,1.00,'2023-06-02 23:00:11','2023-05-14 12:52:24'),(354,16,'3rd Year','1st Sem','Information Assurance Security','IT 10/L',3,2.25,'2023-05-04 04:06:02','2023-06-01 19:01:21'),(355,17,'3rd Year','1st Sem','Information Assurance Security','IT 10/L',3,2.75,'2023-05-03 17:41:34','2023-05-20 01:30:47'),(356,18,'3rd Year','1st Sem','Information Assurance Security','IT 10/L',3,2.25,'2023-05-27 19:47:08','2023-05-16 10:48:30'),(357,19,'3rd Year','1st Sem','Information Assurance Security','IT 10/L',3,2.75,'2023-05-31 21:30:05','2023-05-25 14:39:56'),(358,20,'3rd Year','1st Sem','Information Assurance Security','IT 10/L',3,1.75,'2023-05-26 15:08:18','2023-05-22 21:06:27'),(359,21,'3rd Year','1st Sem','Information Assurance Security','IT 10/L',3,1.75,'2023-05-27 16:55:57','2023-05-04 07:45:12'),(360,22,'3rd Year','1st Sem','Information Assurance Security','IT 10/L',3,2.75,'2023-05-23 22:20:20','2023-05-25 12:34:46'),(361,23,'3rd Year','1st Sem','Information Assurance Security','IT 10/L',3,2.25,'2023-05-31 14:41:02','2023-05-19 09:39:20'),(362,24,'3rd Year','1st Sem','Information Assurance Security','IT 10/L',3,2.75,'2023-05-27 17:07:29','2023-05-09 12:14:05'),(363,25,'3rd Year','1st Sem','Information Assurance Security','IT 10/L',3,2.00,'2023-05-17 06:13:25','2023-05-18 02:51:04'),(364,26,'3rd Year','1st Sem','Information Assurance Security','IT 10/L',3,1.50,'2023-05-14 04:39:25','2023-05-07 12:44:38'),(365,27,'3rd Year','1st Sem','Information Assurance Security','IT 10/L',3,1.75,'2023-05-06 12:04:20','2023-05-30 23:41:19'),(366,28,'3rd Year','1st Sem','Information Assurance Security','IT 10/L',3,1.50,'2023-05-16 14:30:23','2023-05-10 07:23:24'),(367,29,'3rd Year','1st Sem','Information Assurance Security','IT 10/L',3,1.50,'2023-05-29 07:23:06','2023-05-20 10:41:16'),(368,30,'3rd Year','1st Sem','Information Assurance Security','IT 10/L',3,2.25,'2023-05-08 16:39:56','2023-05-18 02:58:09'),(369,31,'3rd Year','1st Sem','Information Assurance Security','IT 10/L',3,1.75,'2023-05-04 20:15:37','2023-05-05 07:07:48'),(370,32,'3rd Year','1st Sem','Information Assurance Security','IT 10/L',3,1.75,'2023-05-29 06:37:00','2023-05-07 03:07:59'),(371,33,'3rd Year','1st Sem','Information Assurance Security','IT 10/L',3,2.50,'2023-05-08 12:18:20','2023-05-13 16:35:45'),(372,34,'3rd Year','1st Sem','Information Assurance Security','IT 10/L',3,1.75,'2023-05-31 22:46:48','2023-05-09 21:20:44'),(373,35,'3rd Year','1st Sem','Information Assurance Security','IT 10/L',3,2.25,'2023-05-24 20:05:26','2023-05-25 11:58:52'),(374,36,'3rd Year','1st Sem','Information Assurance Security','IT 10/L',3,1.75,'2023-05-26 15:56:28','2023-05-30 06:45:56'),(375,37,'3rd Year','1st Sem','Information Assurance Security','IT 10/L',3,1.25,'2023-05-20 10:39:44','2023-06-01 14:26:32'),(376,38,'3rd Year','1st Sem','Information Assurance Security','IT 10/L',3,2.75,'2023-05-26 00:40:50','2023-05-26 08:01:30'),(377,39,'3rd Year','1st Sem','Information Assurance Security','IT 10/L',3,1.50,'2023-05-16 12:32:01','2023-05-08 14:33:40'),(378,40,'3rd Year','1st Sem','Information Assurance Security','IT 10/L',3,2.25,'2023-05-26 17:09:06','2023-05-16 20:08:26'),(379,41,'3rd Year','1st Sem','Information Assurance Security','IT 10/L',3,2.75,'2023-05-28 08:24:30','2023-05-08 00:42:20'),(380,2,'3rd Year','2nd Sem','Application Development','CC 6/L',3,1.00,'2023-05-07 19:45:36','2023-05-16 07:23:57'),(381,3,'3rd Year','2nd Sem','Application Development','CC 6/L',3,1.00,'2023-05-22 07:05:16','2023-05-04 10:28:42'),(382,4,'3rd Year','2nd Sem','Application Development','CC 6/L',3,1.50,'2023-05-23 19:11:10','2023-05-07 21:22:09'),(383,5,'3rd Year','2nd Sem','Application Development','CC 6/L',3,2.50,'2023-05-23 23:00:54','2023-05-29 18:51:17'),(384,6,'3rd Year','2nd Sem','Application Development','CC 6/L',3,2.00,'2023-05-22 02:22:15','2023-05-11 22:08:07'),(385,7,'3rd Year','2nd Sem','Application Development','CC 6/L',3,2.75,'2023-05-04 22:49:08','2023-05-14 05:03:38'),(386,8,'3rd Year','2nd Sem','Application Development','CC 6/L',3,1.25,'2023-05-30 18:45:42','2023-05-27 14:02:21'),(387,9,'3rd Year','2nd Sem','Application Development','CC 6/L',3,2.50,'2023-05-23 01:48:51','2023-05-05 12:14:46'),(388,10,'3rd Year','2nd Sem','Application Development','CC 6/L',3,2.75,'2023-05-31 11:14:05','2023-05-25 16:29:13'),(389,11,'3rd Year','2nd Sem','Application Development','CC 6/L',3,1.25,'2023-05-11 23:10:27','2023-05-18 05:52:26'),(390,12,'3rd Year','2nd Sem','Application Development','CC 6/L',3,2.00,'2023-05-06 21:30:25','2023-05-25 14:41:02'),(391,13,'3rd Year','2nd Sem','Application Development','CC 6/L',3,1.00,'2023-05-13 11:25:40','2023-05-17 00:10:17'),(392,14,'3rd Year','2nd Sem','Application Development','CC 6/L',3,1.25,'2023-05-08 22:31:36','2023-05-25 15:19:31'),(393,15,'3rd Year','2nd Sem','Application Development','CC 6/L',3,2.50,'2023-05-20 21:03:22','2023-05-12 09:43:51'),(394,16,'3rd Year','2nd Sem','Application Development','CC 6/L',3,2.25,'2023-05-21 03:19:09','2023-05-31 03:39:38'),(395,17,'3rd Year','2nd Sem','Application Development','CC 6/L',3,1.00,'2023-05-03 10:05:29','2023-05-28 07:10:37'),(396,18,'3rd Year','2nd Sem','Application Development','CC 6/L',3,1.75,'2023-05-21 09:57:49','2023-05-06 22:52:01'),(397,19,'3rd Year','2nd Sem','Application Development','CC 6/L',3,2.00,'2023-05-15 07:44:26','2023-05-29 16:11:48'),(398,20,'3rd Year','2nd Sem','Application Development','CC 6/L',3,1.00,'2023-05-29 18:06:18','2023-05-17 20:34:41'),(399,21,'3rd Year','2nd Sem','Application Development','CC 6/L',3,1.00,'2023-05-20 19:24:54','2023-05-28 14:14:26'),(400,22,'3rd Year','2nd Sem','Application Development','CC 6/L',3,2.50,'2023-06-03 06:04:41','2023-05-20 12:59:00'),(401,23,'3rd Year','2nd Sem','Application Development','CC 6/L',3,1.25,'2023-05-26 21:06:51','2023-05-06 19:00:51'),(402,24,'3rd Year','2nd Sem','Application Development','CC 6/L',3,1.25,'2023-05-28 14:12:20','2023-05-27 09:40:14'),(403,25,'3rd Year','2nd Sem','Application Development','CC 6/L',3,1.00,'2023-05-04 09:22:04','2023-05-28 17:34:50'),(404,26,'3rd Year','2nd Sem','Application Development','CC 6/L',3,1.75,'2023-05-09 19:42:16','2023-05-15 05:38:50'),(405,27,'3rd Year','2nd Sem','Application Development','CC 6/L',3,1.25,'2023-05-22 17:06:47','2023-05-15 01:03:24'),(406,28,'3rd Year','2nd Sem','Application Development','CC 6/L',3,2.75,'2023-05-15 19:39:40','2023-05-12 05:37:54'),(407,29,'3rd Year','2nd Sem','Application Development','CC 6/L',3,2.75,'2023-05-09 02:39:56','2023-05-25 09:08:30'),(408,30,'3rd Year','2nd Sem','Application Development','CC 6/L',3,1.25,'2023-05-13 05:24:23','2023-05-04 14:08:07'),(409,31,'3rd Year','2nd Sem','Application Development','CC 6/L',3,1.00,'2023-06-01 15:51:51','2023-05-28 13:28:55'),(410,32,'3rd Year','2nd Sem','Application Development','CC 6/L',3,2.75,'2023-05-17 03:55:39','2023-05-14 17:13:07'),(411,33,'3rd Year','2nd Sem','Application Development','CC 6/L',3,1.00,'2023-06-01 10:13:38','2023-05-21 23:35:18'),(412,34,'3rd Year','2nd Sem','Application Development','CC 6/L',3,1.75,'2023-05-13 14:49:58','2023-05-27 03:58:43'),(413,35,'3rd Year','2nd Sem','Application Development','CC 6/L',3,1.25,'2023-05-21 05:10:52','2023-05-14 20:07:38'),(414,36,'3rd Year','2nd Sem','Application Development','CC 6/L',3,1.00,'2023-05-19 05:13:19','2023-05-21 07:22:49'),(415,37,'3rd Year','2nd Sem','Application Development','CC 6/L',3,1.75,'2023-05-16 03:46:49','2023-05-09 22:28:20'),(416,38,'3rd Year','2nd Sem','Application Development','CC 6/L',3,1.75,'2023-05-20 03:19:01','2023-05-25 16:57:51'),(417,39,'3rd Year','2nd Sem','Application Development','CC 6/L',3,1.00,'2023-05-03 13:45:08','2023-05-27 13:32:00'),(418,40,'3rd Year','2nd Sem','Application Development','CC 6/L',3,2.50,'2023-05-10 00:17:40','2023-05-24 19:52:53'),(419,41,'3rd Year','2nd Sem','Application Development','CC 6/L',3,2.50,'2023-05-07 17:56:47','2023-05-28 00:52:59'),(420,2,'1st Year','1st Sem','Computer Programming 1','CC 2/L',3,1.75,'2023-05-29 12:35:18','2023-05-23 08:31:27'),(421,3,'1st Year','1st Sem','Computer Programming 1','CC 2/L',3,2.25,'2023-06-02 13:51:15','2023-05-18 13:47:20'),(422,4,'1st Year','1st Sem','Computer Programming 1','CC 2/L',3,2.50,'2023-05-06 21:51:31','2023-05-09 14:19:16'),(423,5,'1st Year','1st Sem','Computer Programming 1','CC 2/L',3,2.25,'2023-05-06 22:49:36','2023-05-25 09:39:05'),(424,6,'1st Year','1st Sem','Computer Programming 1','CC 2/L',3,2.50,'2023-05-09 01:10:16','2023-05-03 08:42:47'),(425,7,'1st Year','1st Sem','Computer Programming 1','CC 2/L',3,1.75,'2023-05-11 18:40:10','2023-05-16 17:26:54'),(426,8,'1st Year','1st Sem','Computer Programming 1','CC 2/L',3,2.75,'2023-05-23 20:06:29','2023-05-10 03:19:31'),(427,9,'1st Year','1st Sem','Computer Programming 1','CC 2/L',3,2.25,'2023-05-13 11:54:30','2023-05-08 07:25:09'),(428,10,'1st Year','1st Sem','Computer Programming 1','CC 2/L',3,1.75,'2023-05-12 09:42:25','2023-05-03 13:55:33'),(429,11,'1st Year','1st Sem','Computer Programming 1','CC 2/L',3,1.50,'2023-05-17 12:51:07','2023-05-05 10:24:03'),(430,12,'1st Year','1st Sem','Computer Programming 1','CC 2/L',3,1.25,'2023-05-27 09:16:11','2023-05-15 07:25:35'),(431,13,'1st Year','1st Sem','Computer Programming 1','CC 2/L',3,2.50,'2023-05-25 08:37:58','2023-05-28 20:16:20'),(432,14,'1st Year','1st Sem','Computer Programming 1','CC 2/L',3,1.50,'2023-05-15 13:39:35','2023-05-08 03:27:17'),(433,15,'1st Year','1st Sem','Computer Programming 1','CC 2/L',3,1.00,'2023-05-15 20:56:13','2023-05-09 12:29:24'),(434,16,'1st Year','1st Sem','Computer Programming 1','CC 2/L',3,1.50,'2023-05-23 18:23:11','2023-05-18 08:02:55'),(435,17,'1st Year','1st Sem','Computer Programming 1','CC 2/L',3,1.00,'2023-05-26 13:42:37','2023-05-18 10:53:02'),(436,18,'1st Year','1st Sem','Computer Programming 1','CC 2/L',3,1.75,'2023-05-21 12:14:39','2023-05-10 00:55:03'),(437,19,'1st Year','1st Sem','Computer Programming 1','CC 2/L',3,1.00,'2023-05-30 22:18:26','2023-05-30 19:37:48'),(438,20,'1st Year','1st Sem','Computer Programming 1','CC 2/L',3,2.00,'2023-05-24 18:18:58','2023-05-23 08:26:32'),(439,21,'1st Year','1st Sem','Computer Programming 1','CC 2/L',3,2.50,'2023-05-05 11:28:38','2023-05-21 01:34:04'),(440,22,'1st Year','1st Sem','Computer Programming 1','CC 2/L',3,2.25,'2023-05-19 08:49:25','2023-05-06 19:56:59'),(441,23,'1st Year','1st Sem','Computer Programming 1','CC 2/L',3,2.00,'2023-05-21 05:09:45','2023-05-21 21:04:55'),(442,24,'1st Year','1st Sem','Computer Programming 1','CC 2/L',3,1.50,'2023-05-17 18:57:33','2023-05-05 04:36:14'),(443,25,'1st Year','1st Sem','Computer Programming 1','CC 2/L',3,1.00,'2023-05-08 13:55:33','2023-05-22 09:08:43'),(444,26,'1st Year','1st Sem','Computer Programming 1','CC 2/L',3,2.75,'2023-05-30 00:35:52','2023-05-25 13:26:00'),(445,27,'1st Year','1st Sem','Computer Programming 1','CC 2/L',3,2.75,'2023-05-29 08:30:31','2023-05-26 20:26:05'),(446,28,'1st Year','1st Sem','Computer Programming 1','CC 2/L',3,2.50,'2023-05-19 13:31:14','2023-06-03 05:25:41'),(447,29,'1st Year','1st Sem','Computer Programming 1','CC 2/L',3,2.50,'2023-05-11 01:50:41','2023-05-06 23:10:20'),(448,30,'1st Year','1st Sem','Computer Programming 1','CC 2/L',3,2.00,'2023-05-23 01:20:50','2023-05-28 02:13:42'),(449,31,'1st Year','1st Sem','Computer Programming 1','CC 2/L',3,1.25,'2023-05-05 17:34:32','2023-05-29 05:48:48'),(450,32,'1st Year','1st Sem','Computer Programming 1','CC 2/L',3,2.75,'2023-05-26 12:06:37','2023-05-21 10:16:54'),(451,33,'1st Year','1st Sem','Computer Programming 1','CC 2/L',3,2.50,'2023-05-30 14:53:20','2023-05-05 16:40:05'),(452,34,'1st Year','1st Sem','Computer Programming 1','CC 2/L',3,1.50,'2023-05-28 14:31:17','2023-05-18 15:42:07'),(453,35,'1st Year','1st Sem','Computer Programming 1','CC 2/L',3,1.75,'2023-05-22 08:15:36','2023-05-14 15:24:57'),(454,36,'1st Year','1st Sem','Computer Programming 1','CC 2/L',3,2.25,'2023-05-27 11:56:56','2023-05-22 12:42:59'),(455,37,'1st Year','1st Sem','Computer Programming 1','CC 2/L',3,1.50,'2023-05-09 02:36:19','2023-05-28 09:00:40'),(456,38,'1st Year','1st Sem','Computer Programming 1','CC 2/L',3,2.00,'2023-05-06 03:49:36','2023-05-25 18:08:00'),(457,39,'1st Year','1st Sem','Computer Programming 1','CC 2/L',3,1.00,'2023-05-05 07:16:31','2023-05-27 12:58:08'),(458,40,'1st Year','1st Sem','Computer Programming 1','CC 2/L',3,1.50,'2023-05-09 06:57:18','2023-05-13 06:46:44'),(459,41,'1st Year','1st Sem','Computer Programming 1','CC 2/L',3,1.50,'2023-05-25 15:38:46','2023-05-13 13:38:38'),(460,2,'1st Year','2nd Sem','Computer Programming 2','CC 3/L',3,2.00,'2023-05-14 00:02:53','2023-05-28 14:55:54'),(461,3,'1st Year','2nd Sem','Computer Programming 2','CC 3/L',3,2.75,'2023-05-28 04:14:21','2023-05-29 13:36:42'),(462,4,'1st Year','2nd Sem','Computer Programming 2','CC 3/L',3,2.50,'2023-06-01 10:26:02','2023-05-10 20:04:58'),(463,5,'1st Year','2nd Sem','Computer Programming 2','CC 3/L',3,1.00,'2023-05-20 20:11:22','2023-05-12 18:06:47'),(464,6,'1st Year','2nd Sem','Computer Programming 2','CC 3/L',3,2.00,'2023-06-02 07:49:37','2023-05-26 00:15:12'),(465,7,'1st Year','2nd Sem','Computer Programming 2','CC 3/L',3,2.75,'2023-05-05 22:07:57','2023-05-24 19:59:27'),(466,8,'1st Year','2nd Sem','Computer Programming 2','CC 3/L',3,2.50,'2023-05-19 06:07:09','2023-05-29 15:30:15'),(467,9,'1st Year','2nd Sem','Computer Programming 2','CC 3/L',3,2.50,'2023-05-17 08:40:20','2023-05-30 12:36:39'),(468,10,'1st Year','2nd Sem','Computer Programming 2','CC 3/L',3,1.00,'2023-06-02 18:52:29','2023-05-10 14:21:09'),(469,11,'1st Year','2nd Sem','Computer Programming 2','CC 3/L',3,2.00,'2023-05-21 17:27:23','2023-06-01 19:45:49'),(470,12,'1st Year','2nd Sem','Computer Programming 2','CC 3/L',3,2.50,'2023-06-02 10:21:56','2023-05-18 11:29:52'),(471,13,'1st Year','2nd Sem','Computer Programming 2','CC 3/L',3,2.00,'2023-05-16 21:39:25','2023-05-07 10:12:55'),(472,14,'1st Year','2nd Sem','Computer Programming 2','CC 3/L',3,2.75,'2023-05-08 00:35:05','2023-06-01 10:19:22'),(473,15,'1st Year','2nd Sem','Computer Programming 2','CC 3/L',3,2.75,'2023-05-14 03:14:37','2023-05-17 13:40:56'),(474,16,'1st Year','2nd Sem','Computer Programming 2','CC 3/L',3,1.00,'2023-05-11 09:42:40','2023-05-29 06:22:01'),(475,17,'1st Year','2nd Sem','Computer Programming 2','CC 3/L',3,2.25,'2023-05-18 09:03:51','2023-05-08 23:39:20'),(476,18,'1st Year','2nd Sem','Computer Programming 2','CC 3/L',3,2.00,'2023-05-07 12:10:51','2023-05-20 00:39:18'),(477,19,'1st Year','2nd Sem','Computer Programming 2','CC 3/L',3,2.50,'2023-05-09 02:22:35','2023-05-31 03:36:24'),(478,20,'1st Year','2nd Sem','Computer Programming 2','CC 3/L',3,1.25,'2023-05-08 02:14:55','2023-05-22 07:13:25'),(479,21,'1st Year','2nd Sem','Computer Programming 2','CC 3/L',3,2.75,'2023-05-20 12:02:21','2023-05-31 03:53:54'),(480,22,'1st Year','2nd Sem','Computer Programming 2','CC 3/L',3,2.50,'2023-05-11 12:49:29','2023-05-31 08:20:46'),(481,23,'1st Year','2nd Sem','Computer Programming 2','CC 3/L',3,1.00,'2023-05-09 12:58:21','2023-05-19 12:31:09'),(482,24,'1st Year','2nd Sem','Computer Programming 2','CC 3/L',3,2.50,'2023-05-04 05:28:06','2023-05-22 16:09:38'),(483,25,'1st Year','2nd Sem','Computer Programming 2','CC 3/L',3,2.00,'2023-05-27 14:11:25','2023-05-05 03:15:42'),(484,26,'1st Year','2nd Sem','Computer Programming 2','CC 3/L',3,1.75,'2023-05-18 06:07:47','2023-05-06 05:33:00'),(485,27,'1st Year','2nd Sem','Computer Programming 2','CC 3/L',3,2.25,'2023-05-18 21:33:48','2023-05-22 03:04:33'),(486,28,'1st Year','2nd Sem','Computer Programming 2','CC 3/L',3,1.75,'2023-05-07 18:00:29','2023-05-28 15:51:19'),(487,29,'1st Year','2nd Sem','Computer Programming 2','CC 3/L',3,1.75,'2023-05-31 00:03:05','2023-05-10 21:30:38'),(488,30,'1st Year','2nd Sem','Computer Programming 2','CC 3/L',3,2.75,'2023-05-23 16:03:19','2023-06-01 23:46:45'),(489,31,'1st Year','2nd Sem','Computer Programming 2','CC 3/L',3,1.00,'2023-05-09 09:17:10','2023-05-22 22:48:48'),(490,32,'1st Year','2nd Sem','Computer Programming 2','CC 3/L',3,1.75,'2023-05-13 15:10:39','2023-05-18 01:34:53'),(491,33,'1st Year','2nd Sem','Computer Programming 2','CC 3/L',3,1.75,'2023-05-24 03:43:39','2023-05-17 23:17:32'),(492,34,'1st Year','2nd Sem','Computer Programming 2','CC 3/L',3,1.25,'2023-05-19 20:22:44','2023-06-02 18:29:34'),(493,35,'1st Year','2nd Sem','Computer Programming 2','CC 3/L',3,1.00,'2023-05-24 22:26:01','2023-05-21 22:12:26'),(494,36,'1st Year','2nd Sem','Computer Programming 2','CC 3/L',3,2.25,'2023-05-09 20:19:54','2023-05-17 15:15:44'),(495,37,'1st Year','2nd Sem','Computer Programming 2','CC 3/L',3,1.50,'2023-05-20 17:00:40','2023-05-03 14:35:16'),(496,38,'1st Year','2nd Sem','Computer Programming 2','CC 3/L',3,2.00,'2023-05-30 01:37:20','2023-06-02 00:33:40'),(497,39,'1st Year','2nd Sem','Computer Programming 2','CC 3/L',3,2.00,'2023-05-23 06:19:29','2023-05-15 20:33:52'),(498,40,'1st Year','2nd Sem','Computer Programming 2','CC 3/L',3,2.75,'2023-05-04 05:54:03','2023-05-12 06:40:20'),(499,41,'1st Year','2nd Sem','Computer Programming 2','CC 3/L',3,2.75,'2023-05-31 10:57:47','2023-05-11 06:58:27'),(500,12,'4th Year','1st Sem','Systems Administration and Maintenance','IT 21',3,1.00,'2023-05-10 22:08:27','2023-05-23 02:14:17'),(501,12,'4th Year','1st Sem','IT Elective 4','IT 22',3,1.75,'2023-05-11 16:31:42','2023-06-01 12:41:34'),(502,12,'4th Year','1st Sem','Educational Tour in IT Industry','IT 22',3,2.75,'2023-05-09 08:36:33','2023-05-27 13:43:49'),(503,15,'4th Year','1st Sem','Systems Administration and Maintenance','IT 21',3,2.25,'2023-05-26 03:26:18','2023-05-19 14:42:10'),(504,15,'4th Year','1st Sem','IT Elective 4','IT 22',3,1.00,'2023-05-22 18:46:49','2023-05-13 01:36:43'),(505,15,'4th Year','1st Sem','Educational Tour in IT Industry','IT 22',3,1.75,'2023-05-28 09:34:58','2023-05-23 07:55:47'),(506,17,'4th Year','1st Sem','Systems Administration and Maintenance','IT 21',3,1.25,'2023-05-19 15:33:16','2023-05-07 19:04:47'),(507,17,'4th Year','1st Sem','IT Elective 4','IT 22',3,2.25,'2023-05-05 15:54:35','2023-05-25 21:41:58'),(508,17,'4th Year','1st Sem','Educational Tour in IT Industry','IT 22',3,2.75,'2023-05-22 18:34:34','2023-05-31 11:21:18'),(509,20,'4th Year','1st Sem','Systems Administration and Maintenance','IT 21',3,2.75,'2023-05-27 08:04:37','2023-05-05 04:38:06'),(510,20,'4th Year','1st Sem','IT Elective 4','IT 22',3,2.50,'2023-05-18 13:07:51','2023-06-02 16:32:53'),(511,20,'4th Year','1st Sem','Educational Tour in IT Industry','IT 22',3,2.75,'2023-06-02 04:12:03','2023-05-27 19:00:09'),(512,21,'4th Year','1st Sem','Systems Administration and Maintenance','IT 21',3,2.00,'2023-05-26 09:23:28','2023-05-04 05:54:31'),(513,21,'4th Year','1st Sem','IT Elective 4','IT 22',3,2.00,'2023-05-07 14:21:57','2023-05-26 02:42:50'),(514,21,'4th Year','1st Sem','Educational Tour in IT Industry','IT 22',3,1.00,'2023-05-22 11:41:43','2023-05-05 14:42:27'),(515,23,'4th Year','1st Sem','Systems Administration and Maintenance','IT 21',3,1.00,'2023-05-22 17:20:48','2023-05-10 20:18:53'),(516,23,'4th Year','1st Sem','IT Elective 4','IT 22',3,1.50,'2023-05-05 08:41:45','2023-05-30 01:37:32'),(517,23,'4th Year','1st Sem','Educational Tour in IT Industry','IT 22',3,1.50,'2023-06-01 16:55:49','2023-05-20 22:43:14'),(518,24,'4th Year','1st Sem','Systems Administration and Maintenance','IT 21',3,2.50,'2023-05-09 14:17:09','2023-05-21 12:52:46'),(519,24,'4th Year','1st Sem','IT Elective 4','IT 22',3,1.25,'2023-05-28 06:57:05','2023-05-14 12:23:37'),(520,24,'4th Year','1st Sem','Educational Tour in IT Industry','IT 22',3,2.50,'2023-05-19 23:33:14','2023-05-27 05:35:37'),(521,29,'4th Year','1st Sem','Systems Administration and Maintenance','IT 21',3,1.50,'2023-05-09 17:52:30','2023-05-25 06:28:33'),(522,29,'4th Year','1st Sem','IT Elective 4','IT 22',3,2.75,'2023-05-15 22:24:08','2023-05-23 01:21:28'),(523,29,'4th Year','1st Sem','Educational Tour in IT Industry','IT 22',3,2.75,'2023-05-25 06:13:17','2023-05-19 02:14:16'),(524,35,'4th Year','1st Sem','Systems Administration and Maintenance','IT 21',3,1.00,'2023-06-01 22:21:56','2023-05-23 05:51:33'),(525,35,'4th Year','1st Sem','IT Elective 4','IT 22',3,1.50,'2023-05-04 12:14:45','2023-05-20 04:04:02'),(526,35,'4th Year','1st Sem','Educational Tour in IT Industry','IT 22',3,1.25,'2023-05-16 21:58:56','2023-05-21 23:59:27'),(527,36,'4th Year','1st Sem','Systems Administration and Maintenance','IT 21',3,2.00,'2023-05-23 15:37:17','2023-05-23 18:12:19'),(528,36,'4th Year','1st Sem','IT Elective 4','IT 22',3,1.00,'2023-05-07 23:19:40','2023-05-26 14:40:09'),(529,36,'4th Year','1st Sem','Educational Tour in IT Industry','IT 22',3,2.75,'2023-05-29 09:44:44','2023-05-21 16:19:20'),(530,40,'4th Year','1st Sem','Systems Administration and Maintenance','IT 21',3,2.50,'2023-05-17 17:26:05','2023-05-25 08:22:13'),(531,40,'4th Year','1st Sem','IT Elective 4','IT 22',3,2.75,'2023-05-03 16:51:41','2023-05-06 01:34:15'),(532,40,'4th Year','1st Sem','Educational Tour in IT Industry','IT 22',3,2.25,'2023-05-25 16:52:04','2023-05-21 00:40:02');
/*!40000 ALTER TABLE `grades` ENABLE KEYS */;
UNLOCK TABLES;

--
-- Table structure for table `members`
--

DROP TABLE IF EXISTS `members`;
/*!40101 SET @saved_cs_client     = @@character_set_client */;
/*!50503 SET character_set_client = utf8mb4 */;
CREATE TABLE `members` (
  `memberID` int NOT NULL AUTO_INCREMENT,
  `batchnum` int NOT NULL,
  `firstname` varchar(200) COLLATE utf8mb4_general_ci NOT NULL,
  `midinitial` varchar(200) COLLATE utf8mb4_general_ci DEFAULT NULL,
  `lastname` varchar(200) COLLATE utf8mb4_general_ci NOT NULL,
  `school` varchar(200) COLLATE utf8mb4_general_ci NOT NULL,
  `college` varchar(200) COLLATE utf8mb4_general_ci NOT NULL,
  `yearlevel` enum('1st Year','2nd Year','3rd Year','4th Year') COLLATE utf8mb4_general_ci NOT NULL,
  `program` varchar(200) COLLATE utf8mb4_general_ci NOT NULL,
  `major` varchar(200) COLLATE utf8mb4_general_ci DEFAULT NULL,
  `acceptdate` date NOT NULL,
  `age` int NOT NULL,
  `sex` enum('Male','Female') COLLATE utf8mb4_general_ci NOT NULL,
  `birthdate` date NOT NULL,
  `civilstatus` varchar(200) COLLATE utf8mb4_general_ci NOT NULL,
  `religion` varchar(200) COLLATE utf8mb4_general_ci NOT NULL,
  `mobile` bigint NOT NULL,
  `email` varchar(200) COLLATE utf8mb4_general_ci NOT NULL,
  `address` varchar(200) COLLATE utf8mb4_general_ci NOT NULL,
  `updated_at` timestamp NULL DEFAULT NULL,
  `created_at` timestamp NULL DEFAULT NULL,
  PRIMARY KEY (`memberID`)
) ENGINE=InnoDB AUTO_INCREMENT=51 DEFAULT CHARSET=utf8mb4 COLLATE=utf8mb4_general_ci;
/*!40101 SET character_set_client = @saved_cs_client */;

--
-- Dumping data for table `members`
--

LOCK TABLES `members` WRITE;
/*!40000 ALTER TABLE `members` DISABLE KEYS */;
INSERT INTO `members` VALUES (1,22,'Francis Joe','T.','Pilarmeo','PSU','CS','3rd Year','BSIT','Web Developer','2022-12-12',20,'Male','2002-06-12','Single','Roman Catholic',639386062492,'202080099@psu.palawan.edu.ph','Brgy. San Manuel, PPC','2023-06-02 05:52:44','2023-05-27 01:17:20'),(2,22,'Mark Jayson','C.','Riego','PSU','CS','3rd Year','BSIT  ','Multimedia','2022-09-10',21,'Male','2001-06-12','Single','Seventh Day Adventist',9179390744,'202080108@psu.palawan.edu.ph','Bgy. Poblacion, San Vicente','2023-06-02 05:46:46','2023-05-27 01:17:20'),(3,22,'Laravel','X.','Payehpee','PSU','CS','1st Year','BSIT','Analytician','2022-06-24',21,'Male','2004-11-26','Widowed','Jehovahs Witnesses',9833538905,'qthiel@example.net','80/91 Dare Rue Apt. 932, Rizal 3251 Cagayan','2023-06-03 20:21:28','2023-05-31 15:23:00'),(4,22,'Sairah Faith','D.','Tablatin','PSU','CS','3rd Year','BSIT','Web Designer','2022-05-10',20,'Female','2002-01-10','Single','Catholic',9787656549,'sairah098@gmail.com','Bgy. San Pedro, PPC','2023-06-02 05:51:33','2023-05-27 01:17:20'),(5,20,'Synteche','M.','Sabandal','PSU','CS','3rd Year','BSIT','Database Management','2020-03-21',22,'Female','2000-07-08','Single','Born Again',9351265689,'synteche07@gmail.com','Brgy. San Pedro, PPC','2023-06-02 05:59:39','2023-05-27 01:17:20'),(6,22,'Ian Jan Julito','F.','Aborot','PSU','CS','3rd Year','BSIT','Cyber-Security','2022-05-31',21,'Male','2002-01-11','Single','Roman Catholic',9634274872,'ianjj11aborot@gmail.com','Brgy. Milagrosa, PPC','2023-06-02 05:57:11','2023-05-27 01:17:20'),(7,22,'Rochelle','L.','Matillano','PSU','CS','3rd Year','BSIT ','Database Management','2022-10-11',20,'Female','2002-07-25','Single','Roman Catholic',53672336271,'cheche@gmail.com','Bgy. San Jose, PPC','2023-06-02 06:01:41','2023-05-27 01:17:20'),(8,22,'Liezel Jay','B.','Diong','PSU','CS','3rd Year','BSIT','Geographic System','2022-05-05',20,'Female','2002-06-11','Single','Roman Catholic',6548921554,'jay11zong@gmail.com','Brgy. Sicsican, PPC','2023-06-02 06:11:48','2023-05-27 01:17:20'),(9,22,'Jomari','A.','Mendoza','PSU','CS','3rd Year','BSIT','Networking','2022-01-13',21,'Male','2002-03-22','Single','Roman Catholic',8955414678,'jomari3m@gmail.com','Brgy. Manalo, PPC','2023-06-02 06:08:07','2023-05-27 01:17:20'),(10,21,'Mark','C.','Enero','PSU','CS','3rd Year','BSCS','Software Engineer','2021-02-23',20,'Male','2002-07-08','Single','Roman Catholic',5341221785,'takol08@gmail.com','Brgy. Manalo, PPC','2023-06-02 06:11:10','2023-05-27 01:17:20'),(11,21,'Terry','D.','Farrell','PSU','CTE','2nd Year','BEED','TLE','2023-04-05',20,'Female','2001-03-08','Single','Born Again',9517939040,'hill.timmy@batz.com','Bgy. San Jose, PPC','2023-06-02 08:07:21','2023-05-27 01:17:20'),(12,20,'Miles','G.','Winger','WPU','CEAT','4th Year','BSAr','Interior Design','2020-06-19',23,'Female','2000-04-14','Single','Roman Catholic',998797878,'shang09@gmail.com','Bgy. San Pedro','2023-06-02 07:07:38','2023-06-02 07:07:38'),(13,18,'Anita','O.','Schowalter','PSU','CAH','3rd Year','BSMC','Business Operations Specialist','2022-05-14',24,'Male','2001-04-19','Divorced','Baptists',9505226156,'martine.rau@example.com','68 Abbott Junctions Suite 547, Poblacion, Roxas 9119 Misamis Oriental','2023-05-31 22:37:00','2022-07-15 13:31:43'),(14,20,'Terry','B.','Mueller','WPU','CHTM','1st Year','BSHRM','School Bus Driver','2019-04-07',20,'Female','2003-03-18','Divorced','Roman Catholic',9938565097,'rosalee13@example.com','92 Muller Fall, Dinagat 0417 Palawan','2023-05-30 15:58:04','2022-09-08 06:39:36'),(15,18,'Allene','K.','Friesen','PSU','CS','4th Year','BSES','Environmental Science Technician','2022-05-12',21,'Male','2002-02-05','Single','Pentecostal',9150676944,'haylie36@example.com','49A/95 Bechtelar Pike, Poblacion, Tanjay 1498 Ilocos Norte','2023-05-26 19:02:58','2022-11-02 23:20:22'),(16,14,'Eulalia','U.','Hoppe','PSU','CCJE','1st Year','BSCJAD','Mail Clerk','2020-07-15',21,'Female','2003-08-09','Divorced','Roman Catholic',9176858488,'ebert.gayle@example.net','40/03 Bernhard Plains, San Sebastian 4445 Tarlac','2023-05-27 07:12:38','2022-07-26 04:19:49'),(17,15,'Ronny','Z.','Cummings','FULLBRIGHT','CHTM','4th Year','BSHRM','Courier','2016-09-14',18,'Male','2003-07-09','Widowed','Pentecostal',9907383127,'wisozk.emiliano@example.net','97/45 Powlowski Fields Suite 202, Poblacion, Kidapawan 6898 Cavite','2023-06-02 05:11:58','2023-02-06 20:22:50'),(18,22,'Eladio','W.','Borer','FULLBRIGHT','CS','2nd Year','BSIT','Physics Teacher','2023-05-05',23,'Female','2000-04-23','Married','Baptists',9043326925,'bernie58@example.com','44/79 Tillman Harbor, Poblacion, Valencia 2690 Nueva Vizcaya','2023-05-27 08:26:38','2022-12-04 03:48:54'),(19,22,'Ernie','R.','Volkman','WPU','CEAT','3rd Year','BSAr','Geologist','2019-06-21',20,'Male','2002-05-21','Divorced','Evangelicalism',9312783913,'skemmer@example.com','29 Hagenes Ridge, General Santos City 3513 Agusan del Sur','2023-05-27 05:21:55','2022-06-28 21:59:03'),(20,17,'Camden','C.','Orn','FULLBRIGHT','CCJE','4th Year','BSCRIM','Gas Compressor Operator','2017-10-08',22,'Male','2003-09-23','Single','Born Again',9155174656,'yoshiko22@example.org','63A/51 Lind Union Apt. 877, Balangiga 0692 Agusan del Sur','2023-05-27 18:11:11','2023-05-13 03:05:05'),(21,22,'Landen','Y.','Grady','FULLBRIGHT','CTE','4th Year','BSScEd','Building Inspector','2018-10-11',23,'Male','1999-09-01','Divorced','Evangelicalism',9208883983,'xsawayn@example.org','38A/84 Pfannerstill Lights Suite 559, Magpet 7682 Camarines Norte','2023-05-27 20:08:37','2022-07-18 03:15:19'),(22,23,'Ambrose','N.','Abernathy','FULLBRIGHT','CEAT','1st Year','BSCE','Biochemist or Biophysicist','2023-04-05',22,'Female','2001-07-30','Married','Born Again',9991634965,'rkeebler@example.net','80/92 Zulauf Well Apt. 292, Poblacion, Passi 8846 Davao Oriental','2023-05-28 18:24:03','2022-11-24 05:32:35'),(23,16,'Lauren','G.','Macejkovic','FULLBRIGHT','CAH','4th Year','BSMC','Pharmacy Aide','2021-11-24',18,'Female','1999-04-11','Married','Evangelicalism',9434532338,'justina.kiehn@example.com','39A Hermiston Burg Suite 140, Jaen 6258 La Union','2023-05-30 22:35:41','2022-10-04 11:06:09'),(24,16,'Gino','M.','Lueilwitz','PSU','CCJE','4th Year','BSCJAD','Eligibility Interviewer','2018-11-19',21,'Male','1998-06-17','Divorced','Roman Catholic',9999760919,'deonte78@example.com','36 Gaylord Alley, Poblacion, Caloocan 3156 Camarines Norte','2023-05-30 20:12:35','2022-08-15 08:11:01'),(25,22,'Glenna','R.','Steuber','FULLBRIGHT','CAH','2nd Year','BSMC','Wellhead Pumper','2016-05-24',19,'Male','2003-08-21','Single','Jehovahs Witnesses',9548637662,'jammie02@example.com','86 Koss Lights Apt. 160, Cuenca 7513 Cebu','2023-06-02 06:16:56','2023-01-21 22:23:50'),(26,21,'Vance','I.','Dibbert','PSU','CTE','1st Year','BSPEd','Communications Teacher','2021-10-30',19,'Male','2000-08-17','Single','Baptists',9728022574,'amy.reilly@example.net','84/10 Buckridge Crescent, Poblacion, Olongapo 2898 Basilan','2023-06-01 09:34:26','2023-02-16 09:26:35'),(27,21,'Carlos','Z.','Wilkinson','PSU','CHTM','3rd Year','BSHM','Electronic System Operator','2017-12-31',23,'Female','1999-01-05','Divorced','Islam',9744407986,'lavinia23@example.net','13 Gutkowski Rapids Suite 276, Poblacion, Kidapawan 0432 Zamboanga Sibugay','2023-06-02 10:32:57','2023-05-14 19:41:07'),(28,16,'Jay','T.','Little','WPU','CS','2nd Year','BSCS','Podiatrist','2017-05-29',20,'Male','2001-05-28','Widowed','Pentecostal',9339638577,'lang.penelope@example.org','06A Roob Tunnel, Poblacion, Dasmarias 1399 Agusan del Sur','2023-05-30 21:59:16','2022-10-25 18:41:54'),(29,23,'Kari','Z.','Baumbach','WPU','CAH','4th Year','BSHR','Reservation Agent','2014-08-01',20,'Female','1998-09-11','Widowed','Islam',9660423383,'mose.jones@example.com','63/16 Ernser Throughway, Kalayaan 7858 Agusan del Norte','2023-06-02 10:33:42','2023-01-29 07:41:06'),(30,17,'Friedrich','O.','Parker','PSU','CEAT','1st Year','BSPE','Ship Captain','2019-09-25',21,'Male','2004-07-27','Divorced','Iglesia Ni Cristo',9337464635,'fwehner@example.com','75A/03 Dietrich Ports, Poblacion, Oroquieta 2073 Batangas','2023-06-03 08:20:30','2022-08-20 18:27:50'),(31,22,'Leif','P.','Bednar','FULLBRIGHT','CS','3rd Year','BSCS','Tree Trimmer','2021-02-22',20,'Female','2001-08-07','Widowed','Evangelicalism',9567231610,'grady.krystina@example.com','82A Blanda Hollow Suite 662, Poblacion, Tagaytay 4240 Tawi-Tawi','2023-05-31 22:37:03','2022-09-07 06:01:31'),(32,20,'Mariane','B.','Gerlach','HTU','CEAT','2nd Year','BSPE','Soil Scientist','2017-07-26',25,'Male','1999-07-23','Single','Islam',9626448273,'lemke.darlene@example.com','52A Batz Highway, Poblacion, Cabadbaran 4352 Cagayan','2023-05-28 13:50:07','2023-01-19 08:35:46'),(33,18,'Guadalupe','K.','Dicki','PSU','CAH','1st Year','BSMC','Radio and Television Announcer','2020-12-08',19,'Male','2003-02-28','Widowed','Baptists',9051896934,'collier.vincenzo@example.net','58/40 Beier Knoll Suite 995, Languyan 5270 Albay','2023-05-29 17:41:06','2022-07-16 09:16:47'),(34,14,'Kayleigh','M.','Kihn','WPU','CCJE','3rd Year','BSCJAD','Agricultural Product Grader Sorter','2014-07-19',20,'Female','2000-10-21','Widowed','Roman Catholic',9846226208,'reggie.cremin@example.com','27 Klocko Mills, Bauan 2674 Rizal','2023-05-27 08:20:29','2023-02-17 14:45:41'),(35,18,'Elwyn','M.','Emmerich','PSU','CS','4th Year','BSES','Agricultural Crop Worker','2023-01-17',25,'Female','1998-11-30','Widowed','Roman Catholic',9400026378,'clakin@example.com','01 Stiedemann Junction, Manito 0988 Southern Leyte','2023-05-29 06:56:36','2022-10-11 21:38:56'),(36,22,'Marco','V.','Metz','HTU','CCJE','4th Year','BSCRIM','Gauger','2019-07-07',18,'Male','2004-11-24','Single','Jehovahs Witnesses',9611372032,'runolfsson.clemens@example.com','14/23 Metz Rest Apt. 837, Poblacion, Meycauayan 7552 Dinagat Islands','2023-06-01 15:10:32','2023-05-08 19:36:33'),(37,21,'Napoleon','E.','Abbott','PSU','CCJE','3rd Year','BSCJAD','PR Manager','2016-12-02',20,'Male','2001-06-25','Married','Born Again',9888373655,'fisher.charity@example.com','12A Jacobson Unions Apt. 756, Santo Tomas 2934 Quezon','2023-05-30 18:06:05','2023-01-11 23:04:42'),(38,17,'Tomasa','H.','Okuneva','WPU','CCJE','1st Year','BSCJAD','Weapons Specialists','2018-06-30',23,'Female','2000-02-08','Married','Iglesia Ni Cristo',9555431203,'ernest01@example.org','88A Strosin Isle Apt. 589, Sugpon 1524 Camarines Sur','2023-05-30 22:15:44','2022-12-26 03:17:37'),(39,19,'Mariane','C.','Veum','HTU','CBA','1st Year','BSMA','Electrical Engineering Technician','2014-11-15',23,'Female','2004-02-01','Single','Pentecostal',9459556416,'runte.dorothea@example.org','77/43 Corwin Hill Apt. 125, Poblacion, Makati 6118 Cagayan','2023-05-30 21:31:28','2022-09-01 20:19:12'),(40,16,'Tony','O.','Yost','FULLBRIGHT','CEAT','4th Year','BSPE','Textile Cutting Machine Operator','2021-08-29',24,'Male','2004-03-23','Divorced','Pentecostal',9163967735,'larry.deckow@example.net','34A/40 Brown Streets Apt. 334, Silay City 1329 Surigao del Norte','2023-05-28 23:35:47','2022-06-24 05:31:18'),(41,21,'Giles','P.','Yundt','FULLBRIGHT','CCJE','3rd Year','BSCCI','Marking Machine Operator','2013-12-02',20,'Male','2002-10-05','Single','Baptists',9297581565,'rupert.considine@example.net','58/10 Ward Lodge, Camiling 6876 Basilan','2023-05-31 09:43:20','2022-09-27 13:29:55');
/*!40000 ALTER TABLE `members` ENABLE KEYS */;
UNLOCK TABLES;

--
-- Table structure for table `migrations`
--

DROP TABLE IF EXISTS `migrations`;
/*!40101 SET @saved_cs_client     = @@character_set_client */;
/*!50503 SET character_set_client = utf8mb4 */;
CREATE TABLE `migrations` (
  `id` int unsigned NOT NULL,
  `migration` varchar(255) COLLATE utf8mb4_unicode_ci NOT NULL,
  `batch` int NOT NULL
) ENGINE=InnoDB DEFAULT CHARSET=utf8mb4 COLLATE=utf8mb4_unicode_ci;
/*!40101 SET character_set_client = @saved_cs_client */;

--
-- Dumping data for table `migrations`
--

LOCK TABLES `migrations` WRITE;
/*!40000 ALTER TABLE `migrations` DISABLE KEYS */;
INSERT INTO `migrations` VALUES (1,'2019_12_14_000001_create_personal_access_tokens_table',1),(2,'2023_05_27_161858_update_at',2),(3,'2023_05_27_162456_created_at',3);
/*!40000 ALTER TABLE `migrations` ENABLE KEYS */;
UNLOCK TABLES;

--
-- Table structure for table `personal_access_tokens`
--

DROP TABLE IF EXISTS `personal_access_tokens`;
/*!40101 SET @saved_cs_client     = @@character_set_client */;
/*!50503 SET character_set_client = utf8mb4 */;
CREATE TABLE `personal_access_tokens` (
  `id` bigint unsigned NOT NULL,
  `tokenable_type` varchar(255) COLLATE utf8mb4_unicode_ci NOT NULL,
  `tokenable_id` bigint unsigned NOT NULL,
  `name` varchar(255) COLLATE utf8mb4_unicode_ci NOT NULL,
  `token` varchar(64) COLLATE utf8mb4_unicode_ci NOT NULL,
  `abilities` text COLLATE utf8mb4_unicode_ci,
  `last_used_at` timestamp NULL DEFAULT NULL,
  `expires_at` timestamp NULL DEFAULT NULL,
  `created_at` timestamp NULL DEFAULT NULL,
  `updated_at` timestamp NULL DEFAULT NULL
) ENGINE=InnoDB DEFAULT CHARSET=utf8mb4 COLLATE=utf8mb4_unicode_ci;
/*!40101 SET character_set_client = @saved_cs_client */;

--
-- Dumping data for table `personal_access_tokens`
--

LOCK TABLES `personal_access_tokens` WRITE;
/*!40000 ALTER TABLE `personal_access_tokens` DISABLE KEYS */;
/*!40000 ALTER TABLE `personal_access_tokens` ENABLE KEYS */;
UNLOCK TABLES;

--
-- Table structure for table `requirements`
--

DROP TABLE IF EXISTS `requirements`;
/*!40101 SET @saved_cs_client     = @@character_set_client */;
/*!50503 SET character_set_client = utf8mb4 */;
CREATE TABLE `requirements` (
  `reqsID` int NOT NULL AUTO_INCREMENT,
  `memberID` int NOT NULL,
  `reqs_listID` int NOT NULL,
  `date` date NOT NULL,
  `updated_at` timestamp NULL DEFAULT NULL,
  `created_at` timestamp NULL DEFAULT NULL,
  PRIMARY KEY (`reqsID`),
  KEY `fkmembers_idx` (`memberID`),
  KEY `reqs` (`reqs_listID`),
  CONSTRAINT `fk_requirements_requirements_list` FOREIGN KEY (`reqs_listID`) REFERENCES `requirements_list` (`reqs_listID`) ON DELETE CASCADE ON UPDATE CASCADE,
  CONSTRAINT `fkmembers` FOREIGN KEY (`memberID`) REFERENCES `members` (`memberID`) ON DELETE CASCADE ON UPDATE CASCADE
) ENGINE=InnoDB AUTO_INCREMENT=205 DEFAULT CHARSET=utf8mb4 COLLATE=utf8mb4_general_ci;
/*!40101 SET character_set_client = @saved_cs_client */;

--
-- Dumping data for table `requirements`
--

LOCK TABLES `requirements` WRITE;
/*!40000 ALTER TABLE `requirements` DISABLE KEYS */;
INSERT INTO `requirements` VALUES (1,1,1,'2023-06-04','2023-06-03 08:46:25','2023-06-03 08:46:25'),(2,1,2,'2023-06-04','2023-06-03 08:46:34','2023-06-03 08:46:34'),(3,1,4,'2023-06-04','2023-06-03 08:46:41','2023-06-03 08:46:41'),(4,1,5,'2023-06-04','2023-06-03 08:46:47','2023-06-03 08:46:47'),(5,2,1,'2023-08-01','2023-06-03 10:59:16','2023-06-03 10:59:16'),(6,3,1,'2023-07-21','2023-06-03 10:59:16','2023-06-03 10:59:16'),(7,4,1,'2023-08-30','2023-06-03 10:59:16','2023-06-03 10:59:16'),(8,5,1,'2023-08-09','2023-06-03 10:59:16','2023-06-03 10:59:16'),(9,6,1,'2023-07-09','2023-06-03 10:59:16','2023-06-03 10:59:16'),(10,7,1,'2023-08-16','2023-06-03 10:59:16','2023-06-03 10:59:16'),(11,8,1,'2023-08-19','2023-06-03 10:59:16','2023-06-03 10:59:16'),(12,9,1,'2023-07-23','2023-06-03 10:59:16','2023-06-03 10:59:16'),(13,10,1,'2023-07-12','2023-06-03 10:59:16','2023-06-03 10:59:16'),(14,11,1,'2023-07-06','2023-06-03 10:59:16','2023-06-03 10:59:16'),(15,12,1,'2023-08-25','2023-06-03 10:59:16','2023-06-03 10:59:16'),(16,13,1,'2023-07-27','2023-06-03 10:59:16','2023-06-03 10:59:16'),(17,14,1,'2023-07-09','2023-06-03 10:59:16','2023-06-03 10:59:16'),(18,15,1,'2023-07-05','2023-06-03 10:59:16','2023-06-03 10:59:16'),(19,16,1,'2023-07-29','2023-06-03 10:59:16','2023-06-03 10:59:16'),(20,17,1,'2023-08-09','2023-06-03 10:59:16','2023-06-03 10:59:16'),(21,18,1,'2023-07-03','2023-06-03 10:59:16','2023-06-03 10:59:16'),(22,19,1,'2023-07-23','2023-06-03 10:59:16','2023-06-03 10:59:16'),(23,20,1,'2023-08-21','2023-06-03 10:59:16','2023-06-03 10:59:16'),(24,21,1,'2023-07-03','2023-06-03 10:59:16','2023-06-03 10:59:16'),(25,22,1,'2023-07-02','2023-06-03 10:59:16','2023-06-03 10:59:16'),(26,23,1,'2023-07-12','2023-06-03 10:59:16','2023-06-03 10:59:16'),(27,24,1,'2023-07-18','2023-06-03 10:59:16','2023-06-03 10:59:16'),(28,25,1,'2023-07-16','2023-06-03 10:59:16','2023-06-03 10:59:16'),(29,26,1,'2023-07-10','2023-06-03 10:59:16','2023-06-03 10:59:16'),(30,27,1,'2023-08-25','2023-06-03 10:59:16','2023-06-03 10:59:16'),(31,28,1,'2023-08-05','2023-06-03 10:59:16','2023-06-03 10:59:16'),(32,29,1,'2023-08-29','2023-06-03 10:59:16','2023-06-03 10:59:16'),(33,30,1,'2023-08-02','2023-06-03 10:59:16','2023-06-03 10:59:16'),(34,31,1,'2023-08-08','2023-06-03 10:59:16','2023-06-03 10:59:16'),(35,32,1,'2023-07-01','2023-06-03 10:59:16','2023-06-03 10:59:16'),(36,33,1,'2023-08-02','2023-06-03 10:59:16','2023-06-03 10:59:16'),(37,34,1,'2023-07-22','2023-06-03 10:59:16','2023-06-03 10:59:16'),(38,35,1,'2023-07-05','2023-06-03 10:59:16','2023-06-03 10:59:16'),(39,36,1,'2023-07-06','2023-06-03 10:59:16','2023-06-03 10:59:16'),(40,37,1,'2023-07-18','2023-06-03 10:59:17','2023-06-03 10:59:17'),(41,38,1,'2023-08-24','2023-06-03 10:59:17','2023-06-03 10:59:17'),(42,39,1,'2023-07-22','2023-06-03 10:59:17','2023-06-03 10:59:17'),(43,40,1,'2023-08-01','2023-06-03 10:59:17','2023-06-03 10:59:17'),(44,41,1,'2023-07-16','2023-06-03 10:59:17','2023-06-03 10:59:17'),(45,2,2,'2023-08-28','2023-06-03 10:59:17','2023-06-03 10:59:17'),(46,3,2,'2023-08-10','2023-06-03 10:59:17','2023-06-03 10:59:17'),(47,4,2,'2023-07-28','2023-06-03 10:59:17','2023-06-03 10:59:17'),(48,5,2,'2023-07-18','2023-06-03 10:59:17','2023-06-03 10:59:17'),(49,6,2,'2023-08-28','2023-06-03 10:59:17','2023-06-03 10:59:17'),(50,7,2,'2023-07-18','2023-06-03 10:59:17','2023-06-03 10:59:17'),(51,8,2,'2023-07-07','2023-06-03 10:59:17','2023-06-03 10:59:17'),(52,9,2,'2023-07-17','2023-06-03 10:59:17','2023-06-03 10:59:17'),(53,10,2,'2023-07-31','2023-06-03 10:59:17','2023-06-03 10:59:17'),(54,11,2,'2023-08-12','2023-06-03 10:59:17','2023-06-03 10:59:17'),(55,12,2,'2023-07-21','2023-06-03 10:59:17','2023-06-03 10:59:17'),(56,13,2,'2023-07-23','2023-06-03 10:59:17','2023-06-03 10:59:17'),(57,14,2,'2023-07-22','2023-06-03 10:59:17','2023-06-03 10:59:17'),(58,15,2,'2023-08-05','2023-06-03 10:59:17','2023-06-03 10:59:17'),(59,16,2,'2023-07-08','2023-06-03 10:59:17','2023-06-03 10:59:17'),(60,17,2,'2023-08-16','2023-06-03 10:59:17','2023-06-03 10:59:17'),(61,18,2,'2023-07-17','2023-06-03 10:59:17','2023-06-03 10:59:17'),(62,19,2,'2023-08-18','2023-06-03 10:59:17','2023-06-03 10:59:17'),(63,20,2,'2023-08-23','2023-06-03 10:59:17','2023-06-03 10:59:17'),(64,21,2,'2023-07-20','2023-06-03 10:59:17','2023-06-03 10:59:17'),(65,22,2,'2023-07-01','2023-06-03 10:59:17','2023-06-03 10:59:17'),(66,23,2,'2023-07-15','2023-06-03 10:59:17','2023-06-03 10:59:17'),(67,24,2,'2023-07-07','2023-06-03 10:59:17','2023-06-03 10:59:17'),(68,25,2,'2023-07-12','2023-06-03 10:59:17','2023-06-03 10:59:17'),(69,26,2,'2023-07-22','2023-06-03 10:59:17','2023-06-03 10:59:17'),(70,27,2,'2023-07-17','2023-06-03 10:59:17','2023-06-03 10:59:17'),(71,28,2,'2023-08-21','2023-06-03 10:59:17','2023-06-03 10:59:17'),(72,29,2,'2023-08-06','2023-06-03 10:59:17','2023-06-03 10:59:17'),(73,30,2,'2023-07-31','2023-06-03 10:59:17','2023-06-03 10:59:17'),(74,31,2,'2023-07-08','2023-06-03 10:59:17','2023-06-03 10:59:17'),(75,32,2,'2023-07-06','2023-06-03 10:59:17','2023-06-03 10:59:17'),(76,33,2,'2023-08-28','2023-06-03 10:59:17','2023-06-03 10:59:17'),(77,34,2,'2023-07-03','2023-06-03 10:59:17','2023-06-03 10:59:17'),(78,35,2,'2023-07-09','2023-06-03 10:59:17','2023-06-03 10:59:17'),(79,36,2,'2023-08-26','2023-06-03 10:59:17','2023-06-03 10:59:17'),(80,37,2,'2023-08-15','2023-06-03 10:59:17','2023-06-03 10:59:17'),(81,38,2,'2023-08-30','2023-06-03 10:59:17','2023-06-03 10:59:17'),(82,39,2,'2023-07-03','2023-06-03 10:59:17','2023-06-03 10:59:17'),(83,40,2,'2023-07-19','2023-06-03 10:59:17','2023-06-03 10:59:17'),(84,41,2,'2023-08-13','2023-06-03 10:59:17','2023-06-03 10:59:17'),(85,2,3,'2023-07-16','2023-06-03 10:59:17','2023-06-03 10:59:17'),(86,3,3,'2023-07-20','2023-06-03 10:59:17','2023-06-03 10:59:17'),(87,4,3,'2023-08-03','2023-06-03 10:59:17','2023-06-03 10:59:17'),(88,5,3,'2023-08-27','2023-06-03 10:59:17','2023-06-03 10:59:17'),(89,6,3,'2023-08-30','2023-06-03 10:59:17','2023-06-03 10:59:17'),(90,7,3,'2023-08-07','2023-06-03 10:59:17','2023-06-03 10:59:17'),(91,8,3,'2023-08-06','2023-06-03 10:59:17','2023-06-03 10:59:17'),(92,9,3,'2023-07-04','2023-06-03 10:59:17','2023-06-03 10:59:17'),(93,10,3,'2023-08-13','2023-06-03 10:59:17','2023-06-03 10:59:17'),(94,11,3,'2023-07-31','2023-06-03 10:59:17','2023-06-03 10:59:17'),(95,12,3,'2023-08-15','2023-06-03 10:59:17','2023-06-03 10:59:17'),(96,13,3,'2023-07-04','2023-06-03 10:59:17','2023-06-03 10:59:17'),(97,14,3,'2023-08-21','2023-06-03 10:59:17','2023-06-03 10:59:17'),(98,15,3,'2023-07-23','2023-06-03 10:59:17','2023-06-03 10:59:17'),(99,16,3,'2023-08-27','2023-06-03 10:59:17','2023-06-03 10:59:17'),(100,17,3,'2023-08-03','2023-06-03 10:59:17','2023-06-03 10:59:17'),(101,18,3,'2023-08-07','2023-06-03 10:59:17','2023-06-03 10:59:17'),(102,19,3,'2023-08-16','2023-06-03 10:59:17','2023-06-03 10:59:17'),(103,20,3,'2023-07-08','2023-06-03 10:59:17','2023-06-03 10:59:17'),(104,21,3,'2023-07-29','2023-06-03 10:59:17','2023-06-03 10:59:17'),(105,22,3,'2023-08-20','2023-06-03 10:59:17','2023-06-03 10:59:17'),(106,23,3,'2023-07-17','2023-06-03 10:59:17','2023-06-03 10:59:17'),(107,24,3,'2023-08-14','2023-06-03 10:59:17','2023-06-03 10:59:17'),(108,25,3,'2023-08-26','2023-06-03 10:59:17','2023-06-03 10:59:17'),(109,26,3,'2023-07-28','2023-06-03 10:59:17','2023-06-03 10:59:17'),(110,27,3,'2023-08-25','2023-06-03 10:59:17','2023-06-03 10:59:17'),(111,28,3,'2023-07-14','2023-06-03 10:59:17','2023-06-03 10:59:17'),(112,29,3,'2023-07-17','2023-06-03 10:59:17','2023-06-03 10:59:17'),(113,30,3,'2023-07-01','2023-06-03 10:59:17','2023-06-03 10:59:17'),(114,31,3,'2023-07-04','2023-06-03 10:59:17','2023-06-03 10:59:17'),(115,32,3,'2023-08-24','2023-06-03 10:59:17','2023-06-03 10:59:17'),(116,33,3,'2023-07-27','2023-06-03 10:59:17','2023-06-03 10:59:17'),(117,34,3,'2023-07-10','2023-06-03 10:59:17','2023-06-03 10:59:17'),(118,35,3,'2023-07-08','2023-06-03 10:59:17','2023-06-03 10:59:17'),(119,36,3,'2023-08-21','2023-06-03 10:59:17','2023-06-03 10:59:17'),(120,37,3,'2023-07-29','2023-06-03 10:59:17','2023-06-03 10:59:17'),(121,38,3,'2023-07-22','2023-06-03 10:59:17','2023-06-03 10:59:17'),(122,39,3,'2023-08-10','2023-06-03 10:59:17','2023-06-03 10:59:17'),(123,40,3,'2023-07-17','2023-06-03 10:59:17','2023-06-03 10:59:17'),(124,41,3,'2023-07-18','2023-06-03 10:59:17','2023-06-03 10:59:17'),(125,2,4,'2023-08-25','2023-06-03 10:59:17','2023-06-03 10:59:17'),(126,3,4,'2023-08-10','2023-06-03 10:59:17','2023-06-03 10:59:17'),(127,4,4,'2023-08-23','2023-06-03 10:59:17','2023-06-03 10:59:17'),(128,5,4,'2023-07-24','2023-06-03 10:59:17','2023-06-03 10:59:17'),(129,6,4,'2023-07-17','2023-06-03 10:59:17','2023-06-03 10:59:17'),(130,7,4,'2023-08-21','2023-06-03 10:59:17','2023-06-03 10:59:17'),(131,8,4,'2023-08-06','2023-06-03 10:59:17','2023-06-03 10:59:17'),(132,9,4,'2023-07-18','2023-06-03 10:59:17','2023-06-03 10:59:17'),(133,10,4,'2023-07-12','2023-06-03 10:59:17','2023-06-03 10:59:17'),(134,11,4,'2023-07-11','2023-06-03 10:59:17','2023-06-03 10:59:17'),(135,12,4,'2023-08-11','2023-06-03 10:59:17','2023-06-03 10:59:17'),(136,13,4,'2023-08-27','2023-06-03 10:59:17','2023-06-03 10:59:17'),(137,14,4,'2023-07-25','2023-06-03 10:59:17','2023-06-03 10:59:17'),(138,15,4,'2023-08-07','2023-06-03 10:59:17','2023-06-03 10:59:17'),(139,16,4,'2023-07-22','2023-06-03 10:59:17','2023-06-03 10:59:17'),(140,17,4,'2023-07-14','2023-06-03 10:59:17','2023-06-03 10:59:17'),(141,18,4,'2023-07-27','2023-06-03 10:59:17','2023-06-03 10:59:17'),(142,19,4,'2023-08-21','2023-06-03 10:59:17','2023-06-03 10:59:17'),(143,20,4,'2023-07-10','2023-06-03 10:59:17','2023-06-03 10:59:17'),(144,21,4,'2023-07-28','2023-06-03 10:59:17','2023-06-03 10:59:17'),(145,22,4,'2023-08-17','2023-06-03 10:59:17','2023-06-03 10:59:17'),(146,23,4,'2023-07-01','2023-06-03 10:59:17','2023-06-03 10:59:17'),(147,24,4,'2023-08-24','2023-06-03 10:59:17','2023-06-03 10:59:17'),(148,25,4,'2023-07-01','2023-06-03 10:59:17','2023-06-03 10:59:17'),(149,26,4,'2023-07-11','2023-06-03 10:59:17','2023-06-03 10:59:17'),(150,27,4,'2023-07-10','2023-06-03 10:59:17','2023-06-03 10:59:17'),(151,28,4,'2023-07-05','2023-06-03 10:59:17','2023-06-03 10:59:17'),(152,29,4,'2023-07-29','2023-06-03 10:59:17','2023-06-03 10:59:17'),(153,30,4,'2023-07-17','2023-06-03 10:59:17','2023-06-03 10:59:17'),(154,31,4,'2023-07-17','2023-06-03 10:59:17','2023-06-03 10:59:17'),(155,32,4,'2023-07-14','2023-06-03 10:59:17','2023-06-03 10:59:17'),(156,33,4,'2023-07-17','2023-06-03 10:59:17','2023-06-03 10:59:17'),(157,34,4,'2023-08-04','2023-06-03 10:59:17','2023-06-03 10:59:17'),(158,35,4,'2023-07-31','2023-06-03 10:59:17','2023-06-03 10:59:17'),(159,36,4,'2023-08-18','2023-06-03 10:59:17','2023-06-03 10:59:17'),(160,37,4,'2023-08-04','2023-06-03 10:59:17','2023-06-03 10:59:17'),(161,38,4,'2023-07-16','2023-06-03 10:59:17','2023-06-03 10:59:17'),(162,39,4,'2023-07-31','2023-06-03 10:59:17','2023-06-03 10:59:17'),(163,40,4,'2023-07-22','2023-06-03 10:59:17','2023-06-03 10:59:17'),(164,41,4,'2023-08-01','2023-06-03 10:59:17','2023-06-03 10:59:17'),(165,2,5,'2023-07-23','2023-06-03 10:59:17','2023-06-03 10:59:17'),(166,3,5,'2023-08-15','2023-06-03 10:59:17','2023-06-03 10:59:17'),(167,4,5,'2023-08-07','2023-06-03 10:59:17','2023-06-03 10:59:17'),(168,5,5,'2023-07-21','2023-06-03 10:59:17','2023-06-03 10:59:17'),(169,6,5,'2023-08-09','2023-06-03 10:59:17','2023-06-03 10:59:17'),(170,7,5,'2023-08-20','2023-06-03 10:59:17','2023-06-03 10:59:17'),(171,8,5,'2023-07-25','2023-06-03 10:59:17','2023-06-03 10:59:17'),(172,9,5,'2023-07-30','2023-06-03 10:59:17','2023-06-03 10:59:17'),(173,10,5,'2023-07-29','2023-06-03 10:59:17','2023-06-03 10:59:17'),(174,11,5,'2023-08-27','2023-06-03 10:59:17','2023-06-03 10:59:17'),(175,12,5,'2023-08-26','2023-06-03 10:59:17','2023-06-03 10:59:17'),(176,13,5,'2023-07-09','2023-06-03 10:59:17','2023-06-03 10:59:17'),(177,14,5,'2023-07-08','2023-06-03 10:59:17','2023-06-03 10:59:17'),(178,15,5,'2023-08-20','2023-06-03 10:59:17','2023-06-03 10:59:17'),(179,16,5,'2023-08-23','2023-06-03 10:59:17','2023-06-03 10:59:17'),(180,17,5,'2023-07-29','2023-06-03 10:59:17','2023-06-03 10:59:17'),(181,18,5,'2023-07-12','2023-06-03 10:59:17','2023-06-03 10:59:17'),(182,19,5,'2023-08-27','2023-06-03 10:59:17','2023-06-03 10:59:17'),(183,20,5,'2023-08-15','2023-06-03 10:59:17','2023-06-03 10:59:17'),(184,21,5,'2023-07-27','2023-06-03 10:59:17','2023-06-03 10:59:17'),(185,22,5,'2023-07-15','2023-06-03 10:59:17','2023-06-03 10:59:17'),(186,23,5,'2023-07-25','2023-06-03 10:59:17','2023-06-03 10:59:17'),(187,24,5,'2023-07-23','2023-06-03 10:59:17','2023-06-03 10:59:17'),(188,25,5,'2023-08-11','2023-06-03 10:59:17','2023-06-03 10:59:17'),(189,26,5,'2023-08-10','2023-06-03 10:59:17','2023-06-03 10:59:17'),(190,27,5,'2023-08-13','2023-06-03 10:59:17','2023-06-03 10:59:17'),(191,28,5,'2023-08-20','2023-06-03 10:59:17','2023-06-03 10:59:17'),(192,29,5,'2023-07-25','2023-06-03 10:59:17','2023-06-03 10:59:17'),(193,30,5,'2023-08-09','2023-06-03 10:59:17','2023-06-03 10:59:17'),(194,31,5,'2023-08-19','2023-06-03 10:59:17','2023-06-03 10:59:17'),(195,32,5,'2023-07-12','2023-06-03 10:59:17','2023-06-03 10:59:17'),(196,33,5,'2023-07-19','2023-06-03 10:59:17','2023-06-03 10:59:17'),(197,34,5,'2023-08-17','2023-06-03 10:59:17','2023-06-03 10:59:17'),(198,35,5,'2023-07-02','2023-06-03 10:59:17','2023-06-03 10:59:17'),(199,36,5,'2023-07-07','2023-06-03 10:59:17','2023-06-03 10:59:17'),(200,37,5,'2023-08-29','2023-06-03 10:59:17','2023-06-03 10:59:17'),(201,38,5,'2023-07-31','2023-06-03 10:59:17','2023-06-03 10:59:17'),(202,39,5,'2023-08-09','2023-06-03 10:59:17','2023-06-03 10:59:17'),(203,40,5,'2023-08-25','2023-06-03 10:59:17','2023-06-03 10:59:17'),(204,41,5,'2023-07-25','2023-06-03 10:59:17','2023-06-03 10:59:17');
/*!40000 ALTER TABLE `requirements` ENABLE KEYS */;
UNLOCK TABLES;

--
-- Table structure for table `requirements_list`
--

DROP TABLE IF EXISTS `requirements_list`;
/*!40101 SET @saved_cs_client     = @@character_set_client */;
/*!50503 SET character_set_client = utf8mb4 */;
CREATE TABLE `requirements_list` (
  `reqs_listID` int NOT NULL AUTO_INCREMENT,
  `requirements` varchar(200) COLLATE utf8mb4_general_ci NOT NULL,
  `notes` varchar(200) COLLATE utf8mb4_general_ci DEFAULT NULL,
  `updated_at` timestamp NULL DEFAULT NULL,
  `created_at` timestamp NULL DEFAULT NULL,
  PRIMARY KEY (`reqs_listID`)
) ENGINE=InnoDB AUTO_INCREMENT=6 DEFAULT CHARSET=utf8mb4 COLLATE=utf8mb4_general_ci;
/*!40101 SET character_set_client = @saved_cs_client */;

--
-- Dumping data for table `requirements_list`
--

LOCK TABLES `requirements_list` WRITE;
/*!40000 ALTER TABLE `requirements_list` DISABLE KEYS */;
INSERT INTO `requirements_list` VALUES (1,'PSA','Original','2023-06-02 09:11:31','2023-05-29 20:11:47'),(2,'ROG','Complete grades.','2023-06-02 09:12:00','2023-05-29 20:11:47'),(3,'COR','Complete subject required!','2023-05-29 20:11:47','2023-05-29 20:11:47'),(4,'Application Form','Must be valid information','2023-06-02 09:44:22','2023-06-02 09:32:21'),(5,'Senior High Grades','Must have above 90 average','2023-06-02 09:45:07','2023-06-02 09:45:07');
/*!40000 ALTER TABLE `requirements_list` ENABLE KEYS */;
UNLOCK TABLES;

--
-- Dumping events for database 'webapp_database'
--

--
-- Dumping routines for database 'webapp_database'
--
/*!40103 SET TIME_ZONE=@OLD_TIME_ZONE */;

/*!40101 SET SQL_MODE=@OLD_SQL_MODE */;
/*!40014 SET FOREIGN_KEY_CHECKS=@OLD_FOREIGN_KEY_CHECKS */;
/*!40014 SET UNIQUE_CHECKS=@OLD_UNIQUE_CHECKS */;
/*!40101 SET CHARACTER_SET_CLIENT=@OLD_CHARACTER_SET_CLIENT */;
/*!40101 SET CHARACTER_SET_RESULTS=@OLD_CHARACTER_SET_RESULTS */;
/*!40101 SET COLLATION_CONNECTION=@OLD_COLLATION_CONNECTION */;
/*!40111 SET SQL_NOTES=@OLD_SQL_NOTES */;

-- Dump completed on 2023-06-05 14:07:05
